timestamp_utc,epoch_ms,side,reason,liquidity,price,qty,notional,fee,regime,lot_id,realized_pnl
2018-03-07T17:00:00Z,1520442000000,BUY,GRID,MAKER,9776.63,0.096400,942.47,0.9425,RANGE,1,0.0000
2018-03-08T02:00:00Z,1520474400000,BUY,GRID,MAKER,9719.42,0.084200,818.38,0.8184,RANGE,2,0.0000
2018-03-09T00:15:00Z,1520554500000,BUY,GRID,TAKER,9616.18,0.078800,757.75,0.7578,RANGE,3,0.0000
2018-03-09T02:00:00Z,1520560800000,BUY,GRID,MAKER,8899.41,0.085100,757.34,0.7573,RANGE,4,0.0000
2018-03-10T00:15:00Z,1520640900000,BUY,GRID,TAKER,9514.42,0.078900,750.69,0.7507,RANGE,5,0.0000
2018-03-10T21:00:00Z,1520715600000,BUY,GRID,MAKER,8805.25,0.085300,751.09,0.7511,RANGE,6,0.0000
2018-03-11T00:15:00Z,1520727300000,BUY,GRID,TAKER,9382.06,0.019600,183.89,0.1839,RANGE,7,0.0000
2018-03-11T00:15:00Z,1520727300000,BUY,GRID,TAKER,8687.09,0.021100,183.30,0.1833,RANGE,8,0.0000
2018-03-11T17:15:00Z,1520788500000,SELL,EXIT,MAKER,9382.06,0.021100,197.96,0.1980,RANGE,8,14.2826
2018-03-11T17:45:00Z,1520790300000,SELL,EXIT,MAKER,9611.37,0.085100,817.93,0.8179,RANGE,4,59.0125
2018-03-11T17:45:00Z,1520790300000,SELL,EXIT,MAKER,9509.67,0.085300,811.17,0.8112,RANGE,6,58.5248
2018-03-12T14:45:00Z,1520865900000,BUY,GRID,MAKER,9324.99,0.083700,780.50,0.7805,RANGE,9,0.0000
2018-03-13T00:15:00Z,1520900100000,BUY,GRID,TAKER,9246.75,0.049400,456.79,0.4568,RANGE,10,0.0000
2018-03-14T00:30:00Z,1520987400000,BUY,GRID,MAKER,9168.80,0.026000,238.39,0.2384,RANGE,11,0.0000
2018-03-14T16:30:00Z,1521045000000,BUY,GRID,MAKER,8489.63,0.028100,238.56,0.2386,RANGE,12,0.0000
2018-03-15T00:15:00Z,1521072900000,BUY,GRID,TAKER,9020.55,0.012200,110.05,0.1101,RANGE,13,0.0000
2018-03-15T00:15:00Z,1521072900000,BUY,GRID,TAKER,8352.36,0.013200,110.25,0.1103,RANGE,14,0.0000
2018-03-15T02:45:00Z,1521081900000,BUY,GRID,MAKER,7729.80,0.014200,109.76,0.1098,RANGE,15,0.0000
2018-03-15T13:45:00Z,1521121500000,SELL,EXIT,MAKER,8348.19,0.014200,118.54,0.1185,RANGE,15,8.5528
2018-03-16T00:15:00Z,1521159300000,BUY,GRID,TAKER,8888.53,0.001100,9.78,0.0098,RANGE,16,0.0000
2018-03-20T20:00:00Z,1521576000000,SELL,EXIT,MAKER,9020.56,0.013200,119.07,0.1191,RANGE,14,8.5909
2018-03-21T15:15:00Z,1521645300000,SELL,EXIT,MAKER,9168.81,0.028100,257.64,0.2576,RANGE,12,18.5888
2018-03-23T02:15:00Z,1521771300000,BUY,GRID,MAKER,8393.94,0.016000,134.30,0.1343,RANGE,17,0.0000
2018-03-26T09:15:00Z,1522055700000,BUY,GRID,MAKER,8287.98,0.012400,102.77,0.1028,RANGE,18,0.0000
2018-04-21T07:00:00Z,1524294000000,SELL,EXIT,MAKER,8951.02,0.012400,110.99,0.1110,RANGE,18,8.0079
2018-04-24T00:30:00Z,1524529800000,SELL,EXIT,MAKER,9065.46,0.016000,145.05,0.1450,RANGE,17,10.4650
2018-04-24T23:15:00Z,1524611700000,SELL,EXIT,MAKER,9599.62,0.001100,10.56,0.0106,RANGE,16,0.7619
2018-04-25T02:30:00Z,1524623400000,SELL,EXIT,MAKER,9742.20,0.012200,118.85,0.1189,RANGE,13,8.5752
2018-05-05T10:00:00Z,1525514400000,SELL,EXIT,MAKER,9902.31,0.026000,257.46,0.2575,UPTREND,11,18.5754
2018-05-05T12:30:00Z,1525523400000,SELL,EXIT,MAKER,9986.50,0.049400,493.33,0.4933,UPTREND,10,35.5935
2018-05-11T09:30:00Z,1526031000000,BUY,GRID,MAKER,8666.99,0.138200,1197.78,1.1978,UPTREND,19,0.0000
2018-05-18T00:15:00Z,1526602500000,BUY,GRID,TAKER,8267.20,0.007400,61.18,0.0612,RANGE,20,0.0000
2018-05-23T00:45:00Z,1527036300000,BUY,GRID,TAKER,8110.67,0.003400,27.58,0.0276,RANGE,21,0.0000
2018-05-23T15:45:00Z,1527090300000,BUY,GRID,MAKER,7669.38,0.003600,27.61,0.0276,RANGE,22,0.0000
2018-05-24T00:15:00Z,1527120900000,BUY,GRID,TAKER,7976.33,0.011800,94.12,0.0941,RANGE,23,0.0000
2018-05-26T00:15:00Z,1527293700000,BUY,GRID,TAKER,7819.41,0.004200,32.84,0.0328,RANGE,24,0.0000
2018-07-24T10:30:00Z,1532428200000,SELL,EXIT,MAKER,8106.63,0.003600,29.18,0.0292,DOWNTREND,22,1.5173
2018-07-24T12:00:00Z,1532433600000,SELL,EXIT,MAKER,8298.25,0.004200,34.85,0.0349,DOWNTREND,24,1.9434
2018-07-24T23:45:00Z,1532475900000,SELL,EXIT,MAKER,8471.43,0.011800,99.96,0.1000,DOWNTREND,23,5.6481
2018-09-06T00:15:00Z,1536192900000,BUY,GRID,MAKER,6604.86,0.046000,303.82,0.3038,RANGE,25,0.0000
2018-09-07T00:15:00Z,1536279300000,BUY,GRID,TAKER,6553.63,0.015700,102.89,0.1029,RANGE,26,0.0000
2018-09-08T00:15:00Z,1536365700000,BUY,GRID,TAKER,6511.13,0.008600,56.00,0.0560,RANGE,27,0.0000
2018-09-22T00:00:00Z,1537574400000,SELL,EXIT,MAKER,6833.52,0.008600,58.77,0.0588,RANGE,27,2.6578
2018-09-25T18:00:00Z,1537898400000,BUY,GRID,MAKER,6331.56,0.002300,14.56,0.0146,RANGE,28,0.0000
2018-09-27T19:45:00Z,1538077500000,SELL,EXIT,MAKER,6568.27,0.002300,15.11,0.0151,RANGE,28,0.5148
2018-10-12T00:15:00Z,1539303300000,BUY,GRID,TAKER,6372.50,0.016300,103.87,0.1039,RANGE,29,0.0000
2018-10-15T05:30:00Z,1539581400000,SELL,EXIT,MAKER,6570.48,0.016300,107.10,0.1071,RANGE,29,3.0160
2018-10-15T06:00:00Z,1539583200000,SELL,EXIT,MAKER,6913.73,0.046000,318.03,0.3180,RANGE,25,13.5862
2018-10-15T06:00:00Z,1539583200000,SELL,EXIT,MAKER,6879.29,0.015700,108.00,0.1080,RANGE,26,4.9020
2018-10-30T00:15:00Z,1540858500000,BUY,GRID,TAKER,6368.41,0.066100,420.95,0.4210,RANGE,30,0.0000
2018-10-31T00:15:00Z,1540944900000,BUY,GRID,TAKER,6355.55,0.011700,74.36,0.0744,RANGE,31,0.0000
2018-11-04T18:15:00Z,1541355300000,SELL,EXIT,MAKER,6516.33,0.011700,76.24,0.0762,RANGE,31,1.7306
2018-11-07T00:15:00Z,1541549700000,SELL,EXIT,MAKER,6535.52,0.066100,432.00,0.4320,RANGE,30,10.1928
2018-11-14T10:30:00Z,1542191400000,BUY,GRID,MAKER,6350.38,0.062700,398.17,0.3982,RANGE,32,0.0000
2018-11-15T00:15:00Z,1542240900000,BUY,GRID,TAKER,6239.77,0.033500,209.03,0.2090,RANGE,33,0.0000
2018-11-16T00:15:00Z,1542327300000,BUY,GRID,TAKER,6146.10,0.014200,87.27,0.0873,RANGE,34,0.0000
2018-11-25T02:45:00Z,1543113900000,SELL,KILL,TAKER,3850.66,0.014200,54.68,0.0547,DOWNTREND,34,-32.7372
2018-11-25T02:45:00Z,1543113900000,SELL,KILL,TAKER,3850.66,0.033500,129.00,0.1290,DOWNTREND,33,-80.3730
2018-11-25T02:45:00Z,1543113900000,SELL,KILL,TAKER,3850.66,0.062700,241.44,0.2414,DOWNTREND,32,-157.3718
2018-11-25T02:45:00Z,1543113900000,SELL,KILL,TAKER,3850.66,0.003400,13.09,0.0131,DOWNTREND,21,-14.5247
2018-11-25T02:45:00Z,1543113900000,SELL,KILL,TAKER,3850.66,0.007400,28.49,0.0285,DOWNTREND,20,-32.7721
2018-11-25T02:45:00Z,1543113900000,SELL,KILL,TAKER,3850.66,0.138200,532.16,0.5322,DOWNTREND,19,-667.3462
2018-11-25T02:45:00Z,1543113900000,SELL,KILL,TAKER,3850.66,0.083700,322.30,0.3223,DOWNTREND,9,-459.3039
2018-11-25T02:45:00Z,1543113900000,SELL,KILL,TAKER,3850.66,0.019600,75.47,0.0755,DOWNTREND,7,-108.6747
2018-11-25T02:45:00Z,1543113900000,SELL,KILL,TAKER,3850.66,0.078900,303.82,0.3038,DOWNTREND,5,-447.9253
2019-01-10T16:00:00Z,1547136000000,BUY,GRID,MAKER,3652.04,0.175300,640.20,0.6402,RANGE,35,0.0000
2019-01-11T00:15:00Z,1547165700000,BUY,GRID,TAKER,3594.98,0.145500,523.07,0.5231,RANGE,36,0.0000
2019-01-12T01:00:00Z,1547254800000,BUY,GRID,MAKER,3576.79,0.148400,530.80,0.5308,RANGE,37,0.0000
2019-01-13T01:00:00Z,1547341200000,BUY,GRID,MAKER,3565.53,0.113000,402.90,0.4029,RANGE,38,0.0000
2019-01-14T00:15:00Z,1547424900000,BUY,GRID,TAKER,3537.26,0.057100,201.98,0.2020,RANGE,39,0.0000
2019-01-15T20:30:00Z,1547584200000,BUY,GRID,MAKER,3533.04,0.017000,60.06,0.0601,RANGE,40,0.0000
2019-01-20T12:00:00Z,1547985600000,BUY,GRID,MAKER,3517.44,0.005200,18.29,0.0183,RANGE,41,0.0000
2019-01-21T22:15:00Z,1548108900000,BUY,GRID,MAKER,3495.53,0.012100,42.30,0.0423,RANGE,42,0.0000
2019-01-22T11:30:00Z,1548156600000,BUY,GRID,MAKER,3488.16,0.005600,19.53,0.0195,RANGE,43,0.0000
2019-01-26T07:30:00Z,1548487800000,SELL,EXIT,MAKER,3657.82,0.005600,20.48,0.0205,RANGE,43,0.9101
2019-01-28T04:00:00Z,1548648000000,BUY,GRID,MAKER,3472.35,0.004300,14.93,0.0149,RANGE,44,0.0000
2019-02-08T16:45:00Z,1549644300000,SELL,EXIT,MAKER,3685.54,0.005200,19.16,0.0192,RANGE,41,0.8367
2019-02-08T16:45:00Z,1549644300000,SELL,EXIT,MAKER,3671.60,0.012100,44.43,0.0444,RANGE,42,2.0437
2019-02-08T16:45:00Z,1549644300000,SELL,EXIT,MAKER,3614.50,0.004300,15.54,0.0155,RANGE,44,0.5808
2019-02-18T01:00:00Z,1550451600000,SELL,EXIT,MAKER,3748.74,0.057100,214.05,0.2141,RANGE,39,11.6596
2019-02-18T01:00:00Z,1550451600000,SELL,EXIT,MAKER,3735.36,0.017000,63.50,0.0635,RANGE,40,3.3159
2019-02-18T13:15:00Z,1550495700000,SELL,EXIT,MAKER,3795.52,0.148400,563.26,0.5633,RANGE,37,31.3655
2019-02-18T13:15:00Z,1550495700000,SELL,EXIT,MAKER,3775.29,0.113000,426.61,0.4266,RANGE,38,22.8734
2019-02-18T13:30:00Z,1550496600000,SELL,EXIT,MAKER,3817.86,0.145500,555.50,0.5555,RANGE,36,31.3510
2019-02-18T13:45:00Z,1550497500000,SELL,EXIT,MAKER,3840.18,0.175300,673.18,0.6732,RANGE,35,31.6676
2019-06-04T19:00:00Z,1559674800000,BUY,GRID,MAKER,7583.92,0.126800,961.64,0.9616,UPTREND,45,0.0000
2019-06-06T18:15:00Z,1559844900000,BUY,GRID,MAKER,7515.32,0.126900,953.69,0.9537,UPTREND,46,0.0000
2019-06-07T07:00:00Z,1559890800000,SELL,EXIT,MAKER,7977.98,0.126900,1012.41,1.0124,UPTREND,46,56.7455
2019-06-07T16:15:00Z,1559924100000,SELL,EXIT,MAKER,8032.05,0.126800,1018.46,1.0185,UPTREND,45,54.8428
2019-06-09T22:15:00Z,1560118500000,BUY,GRID,MAKER,7522.23,0.128700,968.11,0.9681,UPTREND,47,0.0000
2019-06-10T12:00:00Z,1560168000000,SELL,EXIT,MAKER,7955.26,0.128700,1023.84,1.0238,UPTREND,47,53.7390
2019-06-22T01:30:00Z,1561167000000,SELL,EXIT,MAKER,10385.47,0.078800,818.38,0.8184,UPTREND,3,59.0443
2019-06-22T02:00:00Z,1561168800000,SELL,EXIT,MAKER,10496.98,0.084200,883.85,0.8838,UPTREND,2,63.7683
2019-06-22T02:15:00Z,1561169700000,SELL,EXIT,MAKER,10558.77,0.096400,1017.87,1.0179,UPTREND,1,73.4380
2019-07-14T15:45:00Z,1563119100000,BUY,GRID,MAKER,10439.64,0.086900,907.20,0.9072,UPTREND,48,0.0000
2019-07-15T00:15:00Z,1563149700000,BUY,GRID,TAKER,10347.75,0.084700,876.45,0.8765,UPTREND,49,0.0000
2019-07-16T13:45:00Z,1563284700000,BUY,GRID,MAKER,10313.37,0.085900,885.92,0.8859,UPTREND,50,0.0000
2019-07-16T17:00:00Z,1563296400000,BUY,GRID,MAKER,9549.42,0.092800,886.19,0.8862,UPTREND,51,0.0000
2019-07-17T00:15:00Z,1563322500000,BUY,GRID,TAKER,10168.64,0.083900,853.15,0.8531,UPTREND,52,0.0000
2019-07-17T02:00:00Z,1563328800000,BUY,GRID,MAKER,9410.70,0.090700,853.55,0.8536,UPTREND,53,0.0000
2019-07-18T00:15:00Z,1563408900000,BUY,GRID,TAKER,10053.17,0.004600,46.24,0.0462,UPTREND,54,0.0000
2019-07-18T14:00:00Z,1563458400000,BUY,GRID,MAKER,9303.84,0.005000,46.52,0.0465,UPTREND,55,0.0000
2019-07-18T14:30:00Z,1563460200000,SELL,EXIT,MAKER,10163.56,0.090700,921.83,0.9218,UPTREND,53,66.5090
2019-07-18T14:30:00Z,1563460200000,SELL,EXIT,MAKER,10048.15,0.005000,50.24,0.0502,UPTREND,55,3.6248
2019-07-18T14:45:00Z,1563461100000,SELL,EXIT,MAKER,10313.38,0.092800,957.08,0.9571,UPTREND,51,69.0522
2019-07-20T17:00:00Z,1563642000000,SELL,EXIT,MAKER,10982.14,0.083900,921.40,0.9214,RANGE,52,66.4780
2019-07-20T17:00:00Z,1563642000000,SELL,EXIT,MAKER,10857.43,0.004600,49.94,0.0499,RANGE,54,3.6034
2019-07-23T08:45:00Z,1563871500000,BUY,GRID,MAKER,9938.01,0.037700,374.66,0.3747,RANGE,56,0.0000
2019-07-24T00:15:00Z,1563927300000,BUY,GRID,TAKER,9866.39,0.037400,369.00,0.3690,RANGE,57,0.0000
2019-07-25T00:15:00Z,1564013700000,BUY,GRID,TAKER,9788.12,0.033100,323.99,0.3240,RANGE,58,0.0000
2019-07-26T00:15:00Z,1564100100000,BUY,GRID,MAKER,9722.73,0.024000,233.35,0.2333,RANGE,59,0.0000
2019-07-27T10:15:00Z,1564222500000,BUY,GRID,MAKER,9663.07,0.018400,177.80,0.1778,RANGE,60,0.0000
2019-07-28T00:15:00Z,1564272900000,BUY,GRID,TAKER,9583.24,0.014600,139.92,0.1399,RANGE,61,0.0000
2019-07-29T00:45:00Z,1564361100000,BUY,GRID,MAKER,9507.62,0.010500,99.83,0.0998,RANGE,62,0.0000
2019-07-30T02:00:00Z,1564452000000,BUY,GRID,MAKER,9444.44,0.008000,75.56,0.0756,RANGE,63,0.0000
2019-08-01T19:00:00Z,1564686000000,SELL,EXIT,MAKER,10268.23,0.010500,107.82,0.1078,RANGE,62,7.7788
2019-08-01T19:00:00Z,1564686000000,SELL,EXIT,MAKER,10195.80,0.008000,81.57,0.0816,RANGE,63,5.8538
2019-08-01T20:00:00Z,1564689600000,SELL,EXIT,MAKER,10349.90,0.014600,151.11,0.1511,RANGE,61,10.9022
2019-08-01T20:30:00Z,1564691400000,SELL,EXIT,MAKER,10436.12,0.018400,192.02,0.1920,RANGE,60,13.8543
2019-08-02T07:00:00Z,1564729200000,SELL,EXIT,MAKER,10500.55,0.024000,252.01,0.2520,RANGE,59,18.1823
2019-08-02T13:00:00Z,1564750800000,SELL,EXIT,MAKER,10571.18,0.033100,349.91,0.3499,RANGE,58,25.2453
2019-08-02T16:00:00Z,1564761600000,SELL,EXIT,MAKER,10655.71,0.037400,398.52,0.3985,RANGE,57,28.7530
2019-08-03T02:15:00Z,1564798500000,SELL,EXIT,MAKER,10733.06,0.037700,404.64,0.4046,RANGE,56,29.1941
2019-08-05T00:45:00Z,1564965900000,SELL,EXIT,MAKER,11175.58,0.084700,946.57,0.9466,RANGE,49,68.2941
2019-08-05T00:45:00Z,1564965900000,SELL,EXIT,MAKER,11138.44,0.085900,956.79,0.9568,RANGE,50,69.0308
2019-08-05T01:15:00Z,1564967700000,SELL,EXIT,MAKER,11274.82,0.086900,979.78,0.9798,RANGE,48,70.6902
2019-08-14T09:15:00Z,1565774100000,BUY,GRID,MAKER,10419.38,0.057700,601.20,0.6012,RANGE,64,0.0000
2019-08-15T00:15:00Z,1565828100000,BUY,GRID,TAKER,10265.72,0.052000,533.82,0.5338,RANGE,65,0.0000
2019-08-16T04:15:00Z,1565928900000,BUY,GRID,MAKER,10225.66,0.054200,554.23,0.5542,RANGE,66,0.0000
2019-08-17T17:15:00Z,1566062100000,BUY,GRID,MAKER,10170.41,0.054000,549.20,0.5492,RANGE,67,0.0000
2019-08-18T03:00:00Z,1566097200000,BUY,GRID,MAKER,10122.26,0.054700,553.69,0.5537,RANGE,68,0.0000
2019-08-19T11:45:00Z,1566215100000,SELL,EXIT,MAKER,10767.82,0.054700,589.00,0.5890,RANGE,68,34.1694
2019-08-19T23:00:00Z,1566255600000,SELL,EXIT,MAKER,10877.93,0.054200,589.58,0.5896,RANGE,66,34.2092
2019-08-19T23:00:00Z,1566255600000,SELL,EXIT,MAKER,10825.90,0.054000,584.60,0.5846,RANGE,67,34.2627
2019-08-20T00:00:00Z,1566259200000,SELL,EXIT,MAKER,10944.88,0.052000,569.13,0.5691,RANGE,65,34.2134
2019-08-21T06:30:00Z,1566369000000,BUY,GRID,MAKER,10158.67,0.061500,624.76,0.6248,RANGE,69,0.0000
2019-08-22T00:30:00Z,1566433800000,BUY,GRID,MAKER,10049.34,0.056200,564.77,0.5648,RANGE,70,0.0000
2019-08-24T09:15:00Z,1566638100000,BUY,GRID,MAKER,10013.30,0.060600,606.81,0.6068,RANGE,71,0.0000
2019-08-25T21:15:00Z,1566767700000,BUY,GRID,MAKER,9962.47,0.059800,595.76,0.5958,RANGE,72,0.0000
2019-08-26T00:15:00Z,1566778500000,SELL,EXIT,MAKER,10562.69,0.059800,631.65,0.6316,RANGE,72,34.6658
2019-08-28T18:00:00Z,1567015200000,BUY,GRID,MAKER,9922.00,0.064900,643.94,0.6439,RANGE,73,0.0000
2019-08-29T00:15:00Z,1567037700000,BUY,GRID,TAKER,9825.10,0.060800,597.37,0.5974,RANGE,74,0.0000
2019-08-30T00:15:00Z,1567124100000,BUY,GRID,TAKER,9742.82,0.053000,516.37,0.5164,RANGE,75,0.0000
2019-08-31T00:15:00Z,1567210500000,BUY,GRID,TAKER,9696.76,0.031400,304.48,0.3045,RANGE,76,0.0000
2019-09-01T00:15:00Z,1567296900000,BUY,GRID,TAKER,9656.85,0.018400,177.69,0.1777,RANGE,77,0.0000
2019-09-02T20:00:00Z,1567454400000,SELL,EXIT,MAKER,10254.29,0.031400,321.98,0.3220,RANGE,76,16.8801
2019-09-02T20:00:00Z,1567454400000,SELL,EXIT,MAKER,10191.24,0.018400,187.52,0.1875,RANGE,77,9.4676
2019-09-02T20:15:00Z,1567455300000,SELL,EXIT,MAKER,10324.29,0.053000,547.19,0.5472,RANGE,75,29.7544
2019-09-02T20:30:00Z,1567456200000,SELL,EXIT,MAKER,10410.72,0.060800,632.97,0.6330,RANGE,74,34.3754
2019-09-03T12:45:00Z,1567514700000,SELL,EXIT,MAKER,10477.57,0.064900,679.99,0.6800,RANGE,73,34.7326
2019-09-03T13:00:00Z,1567515600000,SELL,EXIT,MAKER,10607.78,0.060600,642.83,0.6428,RANGE,71,34.7759
2019-09-03T13:15:00Z,1567516500000,SELL,EXIT,MAKER,10743.91,0.061500,660.75,0.6608,RANGE,69,34.7068
2019-09-03T13:15:00Z,1567516500000,SELL,EXIT,MAKER,10686.64,0.056200,600.59,0.6006,RANGE,70,34.6509
2019-09-19T03:00:00Z,1568862000000,BUY,GRID,MAKER,9899.52,0.103600,1025.59,1.0256,RANGE,78,0.0000
2019-09-19T20:00:00Z,1568923200000,SELL,EXIT,MAKER,10268.06,0.103600,1063.77,1.0638,RANGE,78,36.0914
2019-09-22T04:00:00Z,1569124800000,BUY,GRID,MAKER,9857.24,0.102400,1009.38,1.0094,RANGE,79,0.0000
2019-09-23T14:15:00Z,1569248100000,BUY,GRID,MAKER,9849.93,0.106000,1044.09,1.0441,RANGE,80,0.0000
2019-09-24T00:15:00Z,1569284100000,BUY,GRID,TAKER,9791.77,0.101200,990.93,0.9909,RANGE,81,0.0000
2019-09-24T15:00:00Z,1569337200000,BUY,GRID,MAKER,9424.62,0.105100,990.53,0.9905,RANGE,82,0.0000
2019-09-25T00:15:00Z,1569370500000,BUY,GRID,TAKER,9464.34,0.027200,257.43,0.2574,RANGE,83,0.0000
2019-09-25T00:15:00Z,1569370500000,BUY,GRID,TAKER,8949.29,0.028700,256.84,0.2568,RANGE,84,0.0000
2019-09-26T00:15:00Z,1569456900000,BUY,GRID,TAKER,9316.82,0.004300,40.06,0.0401,RANGE,85,0.0000
2019-09-26T00:15:00Z,1569456900000,BUY,GRID,TAKER,8804.41,0.004500,39.62,0.0396,RANGE,86,0.0000
2019-09-26T13:45:00Z,1569505500000,BUY,GRID,TAKER,8320.19,0.004800,39.94,0.0399,RANGE,87,0.0000
2019-09-26T15:45:00Z,1569512700000,BUY,GRID,MAKER,7858.66,0.005100,40.08,0.0401,RANGE,88,0.0000
2019-09-27T00:15:00Z,1569543300000,BUY,GRID,TAKER,9115.64,0.001300,11.85,0.0119,RANGE,89,0.0000
2019-09-30T16:00:00Z,1569859200000,SELL,EXIT,MAKER,8316.03,0.005100,42.41,0.0424,RANGE,88,2.2501
2019-10-04T00:15:00Z,1570148100000,BUY,GRID,TAKER,8495.76,0.000900,7.65,0.0076,RANGE,90,0.0000
2019-10-26T00:30:00Z,1572049800000,SELL,EXIT,MAKER,9316.82,0.004500,41.93,0.0419,UPTREND,86,2.2243
2019-10-26T00:30:00Z,1572049800000,SELL,EXIT,MAKER,8804.42,0.004800,42.26,0.0423,UPTREND,87,2.2421
2019-10-26T00:30:00Z,1572049800000,SELL,EXIT,MAKER,8959.17,0.000900,8.06,0.0081,UPTREND,90,0.4014
2019-10-26T01:00:00Z,1572051600000,SELL,EXIT,MAKER,9464.34,0.028700,271.63,0.2716,UPTREND,84,14.2534
2019-10-26T01:30:00Z,1572053400000,SELL,EXIT,MAKER,10230.82,0.102400,1047.64,1.0476,UPTREND,79,36.1976
2019-10-26T01:30:00Z,1572053400000,SELL,EXIT,MAKER,10211.58,0.106000,1082.43,1.0824,UPTREND,80,36.2084
2019-10-26T01:30:00Z,1572053400000,SELL,EXIT,MAKER,10168.15,0.101200,1029.02,1.0290,UPTREND,81,36.0694
2019-10-26T01:30:00Z,1572053400000,SELL,EXIT,MAKER,9786.89,0.105100,1028.60,1.0286,UPTREND,82,36.0554
2019-10-26T01:30:00Z,1572053400000,SELL,EXIT,MAKER,10009.03,0.027200,272.25,0.2722,UPTREND,83,14.2859
2019-10-26T01:30:00Z,1572053400000,SELL,EXIT,MAKER,9859.05,0.004300,42.39,0.0424,UPTREND,85,2.2491
2019-10-26T01:30:00Z,1572053400000,SELL,EXIT,MAKER,9688.46,0.001300,12.59,0.0126,UPTREND,89,0.7202
2019-11-15T14:30:00Z,1573828200000,BUY,GRID,MAKER,8507.57,0.110800,942.64,0.9426,RANGE,91,0.0000
2019-11-16T00:15:00Z,1573863300000,BUY,GRID,MAKER,8462.12,0.108800,920.68,0.9207,RANGE,92,0.0000
2019-11-17T07:45:00Z,1573976700000,BUY,GRID,MAKER,8447.07,0.114400,966.34,0.9663,RANGE,93,0.0000
2019-11-18T02:45:00Z,1574045100000,BUY,GRID,MAKER,8424.92,0.116800,984.03,0.9840,RANGE,94,0.0000
2019-11-19T00:15:00Z,1574122500000,BUY,GRID,TAKER,8355.94,0.052200,436.18,0.4362,RANGE,95,0.0000
2019-11-20T00:15:00Z,1574208900000,BUY,GRID,TAKER,8310.18,0.021400,177.84,0.1778,RANGE,96,0.0000
2019-11-21T00:15:00Z,1574295300000,BUY,GRID,TAKER,8265.61,0.008800,72.74,0.0727,RANGE,97,0.0000
2019-11-21T09:00:00Z,1574326800000,BUY,GRID,MAKER,7923.96,0.009200,72.90,0.0729,RANGE,98,0.0000
2019-11-21T15:15:00Z,1574349300000,BUY,GRID,TAKER,7604.02,0.009600,73.00,0.0730,RANGE,99,0.0000
2019-11-22T00:15:00Z,1574381700000,BUY,GRID,TAKER,8133.87,0.002300,18.71,0.0187,RANGE,100,0.0000
2019-11-22T03:30:00Z,1574393400000,BUY,GRID,TAKER,7761.81,0.002400,18.63,0.0186,RANGE,101,0.0000
2020-01-07T00:30:00Z,1578357000000,SELL,EXIT,MAKER,7927.92,0.009600,76.11,0.0761,RANGE,99,2.9603
2020-01-07T18:30:00Z,1578421800000,SELL,EXIT,MAKER,8133.88,0.002400,19.52,0.0195,RANGE,101,0.8548
2020-01-08T00:00:00Z,1578441600000,SELL,EXIT,MAKER,8261.49,0.009200,76.01,0.0760,RANGE,98,2.9564
2020-01-14T04:00:00Z,1578974400000,SELL,EXIT,MAKER,8523.78,0.002300,19.60,0.0196,DOWNTREND,100,0.8585
2020-01-14T12:30:00Z,1579005000000,SELL,EXIT,MAKER,8617.69,0.008800,75.84,0.0758,DOWNTREND,97,2.9497
2020-01-14T14:15:00Z,1579011300000,SELL,EXIT,MAKER,8671.97,0.021400,185.58,0.1856,DOWNTREND,96,7.3788
2020-01-14T14:30:00Z,1579012200000,SELL,EXIT,MAKER,8728.21,0.052200,455.61,0.4556,DOWNTREND,95,18.5409
2020-01-14T17:30:00Z,1579023000000,SELL,EXIT,MAKER,8780.34,0.116800,1025.54,1.0255,DOWNTREND,94,39.5035
2020-01-14T17:45:00Z,1579023900000,SELL,EXIT,MAKER,8809.60,0.114400,1007.82,1.0078,DOWNTREND,93,39.4993
2020-01-14T18:00:00Z,1579024800000,SELL,EXIT,MAKER,8843.13,0.108800,962.13,0.9621,DOWNTREND,92,39.5711
2020-01-15T00:00:00Z,1579046400000,SELL,EXIT,MAKER,8882.23,0.110800,984.15,0.9842,RANGE,91,39.5855
2020-02-19T21:45:00Z,1582148700000,BUY,GRID,MAKER,9382.09,0.129800,1217.80,1.2178,UPTREND,102,0.0000
2020-02-21T12:00:00Z,1582286400000,SELL,EXIT,MAKER,9748.06,0.129800,1265.30,1.2653,UPTREND,102,45.0198
2020-02-25T16:00:00Z,1582646400000,BUY,GRID,MAKER,9342.08,0.103700,968.77,0.9688,RANGE,103,0.0000
2020-02-26T01:00:00Z,1582678800000,BUY,GRID,MAKER,9289.32,0.099900,928.00,0.9280,RANGE,104,0.0000
2020-02-26T16:00:00Z,1582732800000,BUY,GRID,MAKER,8909.39,0.104100,927.47,0.9275,RANGE,105,0.0000
2020-02-27T00:15:00Z,1582762500000,BUY,GRID,TAKER,9164.29,0.088500,811.04,0.8110,RANGE,106,0.0000
2020-02-27T00:15:00Z,1582762500000,BUY,GRID,MAKER,8739.87,0.092800,811.06,0.8111,RANGE,107,0.0000
2020-02-28T00:15:00Z,1582848900000,BUY,GRID,TAKER,9094.16,0.009900,90.03,0.0900,RANGE,108,0.0000
2020-02-28T09:00:00Z,1582880400000,BUY,GRID,MAKER,8673.45,0.010400,90.20,0.0902,RANGE,109,0.0000
2020-02-29T01:00:00Z,1582938000000,BUY,GRID,TAKER,9010.02,0.001400,12.61,0.0126,RANGE,110,0.0000
2020-02-29T14:15:00Z,1582985700000,BUY,GRID,MAKER,8585.18,0.001400,12.02,0.0120,RANGE,111,0.0000
2020-03-01T00:15:00Z,1583021700000,BUY,GRID,TAKER,8929.27,0.002800,25.00,0.0250,RANGE,112,0.0000
2020-03-01T16:45:00Z,1583081100000,BUY,GRID,TAKER,8515.42,0.002900,24.69,0.0247,RANGE,113,0.0000
2020-03-02T21:15:00Z,1583183700000,SELL,EXIT,MAKER,8929.27,0.002900,25.89,0.0259,RANGE,113,1.1496
2020-03-05T09:15:00Z,1583399700000,SELL,EXIT,MAKER,9005.53,0.001400,12.61,0.0126,RANGE,111,0.5639
2020-03-05T09:45:00Z,1583401500000,SELL,EXIT,MAKER,9089.62,0.010400,94.53,0.0945,RANGE,109,4.1434
2020-03-06T11:45:00Z,1583495100000,SELL,EXIT,MAKER,9159.71,0.092800,850.02,0.8500,RANGE,107,37.3001
2020-03-08T00:30:00Z,1583627400000,BUY,GRID,MAKER,8753.06,0.061500,538.31,0.5383,RANGE,114,0.0000
2020-03-09T00:15:00Z,1583712900000,BUY,GRID,TAKER,8583.65,0.032700,280.69,0.2807,RANGE,115,0.0000
2020-03-09T04:15:00Z,1583727300000,BUY,GRID,TAKER,8167.05,0.034300,280.13,0.2801,RANGE,116,0.0000
2020-03-10T00:15:00Z,1583799300000,BUY,GRID,TAKER,8469.75,0.001500,12.70,0.0127,RANGE,117,0.0000
2020-04-29T16:30:00Z,1588177800000,SELL,EXIT,MAKER,8583.66,0.034300,294.42,0.2944,RANGE,116,13.7151
2020-04-29T17:30:00Z,1588181400000,SELL,EXIT,MAKER,8917.93,0.001500,13.38,0.0134,RANGE,117,0.6462
2020-04-30T03:15:00Z,1588216500000,SELL,EXIT,MAKER,9021.51,0.032700,295.00,0.2950,RANGE,115,13.7423
2020-04-30T03:30:00Z,1588217400000,SELL,EXIT,MAKER,9120.54,0.061500,560.91,0.5609,RANGE,114,21.5008
2020-04-30T03:45:00Z,1588218300000,SELL,EXIT,MAKER,9289.33,0.104100,967.02,0.9670,RANGE,105,37.6573
2020-04-30T05:45:00Z,1588225500000,SELL,EXIT,MAKER,9363.24,0.002800,26.22,0.0262,RANGE,112,1.1639
2020-04-30T06:00:00Z,1588226400000,SELL,EXIT,MAKER,9451.17,0.001400,13.23,0.0132,RANGE,110,0.5918
2020-05-07T13:15:00Z,1588857300000,SELL,EXIT,MAKER,9530.53,0.009900,94.35,0.0944,RANGE,108,4.1356
2020-05-07T16:45:00Z,1588869900000,SELL,EXIT,MAKER,9604.52,0.088500,850.00,0.8500,RANGE,106,37.2993
2020-05-07T17:00:00Z,1588870800000,SELL,EXIT,MAKER,9724.36,0.103700,1008.42,1.0084,RANGE,103,37.6652
2020-05-07T17:00:00Z,1588870800000,SELL,EXIT,MAKER,9685.46,0.099900,967.58,0.9676,RANGE,104,37.6788
2020-05-10T00:15:00Z,1589069700000,BUY,GRID,MAKER,8179.04,0.111300,910.33,0.9103,RANGE,118,0.0000
2020-05-10T00:30:00Z,1589070600000,SELL,EXIT,MAKER,8583.00,0.111300,955.29,0.9553,RANGE,118,43.0951
2020-06-11T16:45:00Z,1591893900000,BUY,GRID,MAKER,9169.97,0.137000,1256.29,1.2563,UPTREND,119,0.0000
2020-06-15T05:30:00Z,1592199000000,BUY,GRID,MAKER,9106.45,0.110200,1003.53,1.0035,RANGE,120,0.0000
2020-06-16T03:00:00Z,1592276400000,SELL,EXIT,MAKER,9567.77,0.137000,1310.78,1.3108,RANGE,119,51.9315
2020-06-16T03:00:00Z,1592276400000,SELL,EXIT,MAKER,9509.87,0.110200,1047.99,1.0480,RANGE,120,42.4054
2020-06-25T03:00:00Z,1593054000000,BUY,GRID,MAKER,9117.43,0.128500,1171.59,1.1716,RANGE,121,0.0000
2020-06-26T09:15:00Z,1593162900000,BUY,GRID,MAKER,9097.57,0.129000,1173.59,1.1736,RANGE,122,0.0000
2020-06-27T16:30:00Z,1593275400000,BUY,GRID,MAKER,9075.31,0.130600,1185.24,1.1852,RANGE,123,0.0000
2020-06-28T00:15:00Z,1593303300000,BUY,GRID,TAKER,9035.90,0.099200,896.36,0.8964,RANGE,124,0.0000
2020-07-02T16:30:00Z,1593707400000,BUY,GRID,MAKER,9009.30,0.024500,220.73,0.2207,RANGE,125,0.0000
2020-07-05T21:15:00Z,1593983700000,BUY,GRID,MAKER,8976.05,0.006400,57.45,0.0574,RANGE,126,0.0000
2020-07-06T12:45:00Z,1594039500000,SELL,EXIT,MAKER,9255.40,0.006400,59.23,0.0592,RANGE,126,1.6712
2020-07-06T15:45:00Z,1594050300000,SELL,EXIT,MAKER,9311.54,0.024500,228.13,0.2281,RANGE,125,6.9560
2020-07-08T13:45:00Z,1594215900000,SELL,EXIT,MAKER,9445.09,0.129000,1218.42,1.2184,RANGE,122,42.4381
2020-07-08T13:45:00Z,1594215900000,SELL,EXIT,MAKER,9418.16,0.130600,1230.01,1.2300,RANGE,123,42.3610
2020-07-08T13:45:00Z,1594215900000,SELL,EXIT,MAKER,9384.17,0.099200,930.91,0.9309,RANGE,124,32.7215
2020-07-08T14:00:00Z,1594216800000,SELL,EXIT,MAKER,9465.69,0.128500,1216.34,1.2163,RANGE,121,42.3635
2020-07-27T21:45:00Z,1595886300000,SELL,EXIT,MAKER,11032.99,0.057700,636.60,0.6366,RANGE,64,34.1675
2020-08-25T17:45:00Z,1598377500000,BUY,GRID,MAKER,11197.76,0.115700,1295.58,1.2956,UPTREND,127,0.0000
2020-08-27T13:15:00Z,1598534100000,SELL,EXIT,MAKER,11586.92,0.115700,1340.61,1.3406,UPTREND,127,42.3896
2020-08-27T17:00:00Z,1598547600000,BUY,GRID,MAKER,11146.99,0.116500,1298.62,1.2986,UPTREND,128,0.0000
2020-08-29T07:30:00Z,1598686200000,SELL,EXIT,MAKER,11551.84,0.116500,1345.79,1.3458,UPTREND,128,44.5206
2020-09-02T11:15:00Z,1599045300000,BUY,GRID,MAKER,11226.83,0.114900,1289.96,1.2900,RANGE,129,0.0000
2020-09-03T12:00:00Z,1599134400000,BUY,GRID,MAKER,11164.28,0.101900,1137.64,1.1376,RANGE,130,0.0000
2020-09-03T12:15:00Z,1599135300000,BUY,GRID,MAKER,10774.16,0.105600,1137.75,1.1378,RANGE,131,0.0000
2020-09-03T23:15:00Z,1599174900000,BUY,GRID,MAKER,10397.68,0.109400,1137.51,1.1375,RANGE,132,0.0000
2020-09-04T00:15:00Z,1599178500000,BUY,GRID,TAKER,10910.87,0.042900,468.08,0.4681,RANGE,133,0.0000
2020-09-05T00:15:00Z,1599264900000,BUY,GRID,TAKER,10817.37,0.017900,193.63,0.1936,RANGE,134,0.0000
2020-09-05T09:00:00Z,1599296400000,BUY,GRID,MAKER,10309.76,0.018800,193.82,0.1938,RANGE,135,0.0000
2020-09-06T00:15:00Z,1599351300000,BUY,GRID,TAKER,10680.65,0.002700,28.84,0.0288,RANGE,136,0.0000
2020-09-06T01:45:00Z,1599356700000,BUY,GRID,TAKER,10155.81,0.002900,29.45,0.0295,RANGE,137,0.0000
2020-09-07T01:30:00Z,1599442200000,BUY,GRID,TAKER,10609.40,0.097700,1036.54,1.0365,UPTREND,138,0.0000
2020-09-09T00:15:00Z,1599610500000,BUY,GRID,TAKER,10442.35,0.004200,43.86,0.0439,UPTREND,139,0.0000
2020-09-14T14:00:00Z,1600092000000,SELL,EXIT,MAKER,10680.66,0.002900,30.97,0.0310,UPTREND,137,1.4617
2020-09-15T02:15:00Z,1600136100000,SELL,EXIT,MAKER,10774.17,0.109400,1178.69,1.1787,UPTREND,132,38.8718
2020-09-15T02:45:00Z,1600137900000,SELL,EXIT,MAKER,10811.97,0.018800,203.27,0.2033,UPTREND,135,9.0445
2020-09-16T15:30:00Z,1600270200000,SELL,EXIT,MAKER,10978.47,0.004200,46.11,0.0461,UPTREND,139,2.1617
2020-09-19T11:45:00Z,1600515900000,SELL,EXIT,MAKER,11140.12,0.097700,1088.39,1.0884,RANGE,138,49.7262
2020-09-19T12:00:00Z,1600516800000,SELL,EXIT,MAKER,11164.28,0.105600,1178.95,1.1789,RANGE,131,38.8800
2020-09-21T14:30:00Z,1600698600000,BUY,GRID,MAKER,10430.41,0.105800,1103.54,1.1035,RANGE,140,0.0000
2020-09-23T19:00:00Z,1600887600000,BUY,GRID,MAKER,10351.17,0.084300,872.60,0.8726,RANGE,141,0.0000
2020-09-24T00:15:00Z,1600906500000,BUY,GRID,TAKER,10298.90,0.033500,345.01,0.3450,RANGE,142,0.0000
2020-09-24T16:00:00Z,1600963200000,SELL,EXIT,MAKER,10715.50,0.033500,358.97,0.3590,RANGE,142,13.2522
2020-09-24T22:45:00Z,1600987500000,SELL,EXIT,MAKER,10759.48,0.084300,907.02,0.9070,RANGE,141,32.6409
2020-09-28T00:00:00Z,1601251200000,SELL,EXIT,MAKER,10822.25,0.105800,1144.99,1.1450,RANGE,140,39.2081
2020-10-10T02:00:00Z,1602295200000,SELL,EXIT,MAKER,11344.30,0.017900,203.06,0.2031,RANGE,134,9.0354
2020-10-10T02:00:00Z,1602295200000,SELL,EXIT,MAKER,11232.62,0.002700,30.33,0.0303,RANGE,136,1.4312
2020-10-10T02:15:00Z,1602296100000,SELL,EXIT,MAKER,11438.28,0.042900,490.70,0.4907,RANGE,133,21.6670
2020-10-12T15:30:00Z,1602516600000,SELL,EXIT,MAKER,11587.48,0.114900,1331.40,1.3314,RANGE,129,38.8173
2020-10-12T15:30:00Z,1602516600000,SELL,EXIT,MAKER,11568.53,0.101900,1178.83,1.1788,RANGE,130,38.8766
2020-11-26T17:15:00Z,1606410900000,BUY,GRID,MAKER,16315.86,0.082500,1346.06,1.3461,UPTREND,143,0.0000
2020-11-26T20:45:00Z,1606423500000,SELL,EXIT,MAKER,17071.81,0.082500,1408.42,1.4084,UPTREND,143,59.6114
2021-01-21T10:30:00Z,1611225000000,BUY,GRID,MAKER,32118.27,0.035100,1127.35,1.1274,UPTREND,144,0.0000
2021-01-22T00:15:00Z,1611274500000,BUY,GRID,TAKER,31795.75,0.035300,1122.39,1.1224,UPTREND,145,0.0000
2021-01-22T00:30:00Z,1611275400000,BUY,GRID,MAKER,29425.79,0.038200,1124.07,1.1241,UPTREND,146,0.0000
2021-01-22T05:45:00Z,1611294300000,SELL,EXIT,MAKER,31779.86,0.038200,1213.99,1.2140,UPTREND,146,87.5874
2021-01-23T11:45:00Z,1611402300000,BUY,GRID,MAKER,31658.42,0.036000,1139.70,1.1397,UPTREND,147,0.0000
2021-01-24T19:15:00Z,1611515700000,BUY,GRID,MAKER,31472.08,0.036100,1136.14,1.1361,UPTREND,148,0.0000
2021-01-25T12:45:00Z,1611578700000,SELL,EXIT,MAKER,33989.85,0.036100,1227.03,1.2270,UPTREND,148,88.5283
2021-01-25T13:00:00Z,1611579600000,SELL,EXIT,MAKER,34191.10,0.036000,1230.88,1.2309,UPTREND,147,88.8059
2021-01-25T13:15:00Z,1611580500000,SELL,EXIT,MAKER,34339.41,0.035300,1212.18,1.2122,UPTREND,145,87.4566
2021-01-25T14:15:00Z,1611584100000,SELL,EXIT,MAKER,34687.74,0.035100,1217.54,1.2175,UPTREND,144,87.8435
2021-01-26T07:30:00Z,1611646200000,BUY,GRID,MAKER,31181.00,0.037500,1169.29,1.1693,UPTREND,149,0.0000
2021-01-27T09:15:00Z,1611738900000,BUY,GRID,MAKER,31074.50,0.037800,1174.62,1.1746,UPTREND,150,0.0000
2021-01-28T00:15:00Z,1611792900000,BUY,GRID,TAKER,30808.21,0.037800,1164.55,1.1646,UPTREND,151,0.0000
2021-01-28T22:15:00Z,1611872100000,SELL,EXIT,MAKER,33272.87,0.037800,1257.71,1.2577,UPTREND,151,90.7420
2021-01-28T23:30:00Z,1611876600000,SELL,EXIT,MAKER,33675.49,0.037500,1262.83,1.2628,UPTREND,149,91.1113
2021-01-28T23:30:00Z,1611876600000,SELL,EXIT,MAKER,33560.46,0.037800,1268.59,1.2686,UPTREND,150,91.5261
2021-01-29T01:00:00Z,1611882000000,BUY,GRID,MAKER,30802.39,0.038900,1198.21,1.1982,UPTREND,152,0.0000
2021-01-29T01:45:00Z,1611884700000,SELL,EXIT,MAKER,33266.59,0.038900,1294.07,1.2941,UPTREND,152,93.3651
2021-02-23T09:15:00Z,1614071700000,BUY,GRID,MAKER,44883.14,0.032300,1449.73,1.4497,UPTREND,153,0.0000
2021-02-23T09:30:00Z,1614072600000,SELL,EXIT,TAKER,48052.57,0.032300,1552.10,1.5521,UPTREND,153,99.3708
2021-02-26T07:30:00Z,1614324600000,BUY,GRID,MAKER,44613.35,0.028500,1271.48,1.2715,UPTREND,154,0.0000
2021-02-26T17:00:00Z,1614358800000,SELL,EXIT,MAKER,48182.42,0.028500,1373.20,1.3732,UPTREND,154,99.0738
2021-02-28T05:00:00Z,1614488400000,BUY,GRID,MAKER,44278.25,0.029000,1284.07,1.2841,UPTREND,155,0.0000
2021-03-01T11:15:00Z,1614597300000,SELL,EXIT,MAKER,47820.51,0.029000,1386.79,1.3868,UPTREND,155,100.0547
2021-03-25T12:15:00Z,1616674500000,BUY,GRID,MAKER,51057.70,0.013400,684.17,0.6842,RANGE,156,0.0000
2021-03-26T23:30:00Z,1616801400000,SELL,EXIT,MAKER,54831.11,0.013400,734.74,0.7347,RANGE,156,49.1448
2021-04-18T03:15:00Z,1618715700000,BUY,GRID,MAKER,56748.23,0.018600,1055.52,1.0555,RANGE,157,0.0000
2021-04-18T03:30:00Z,1618716600000,BUY,GRID,MAKER,54167.62,0.019400,1050.85,1.0509,RANGE,158,0.0000
2021-04-18T03:30:00Z,1618716600000,BUY,GRID,MAKER,51704.35,0.020400,1054.77,1.0548,RANGE,159,0.0000
2021-04-18T03:45:00Z,1618717500000,SELL,EXIT,MAKER,54167.62,0.020400,1105.02,1.1050,RANGE,159,48.0909
2021-04-18T04:15:00Z,1618719300000,SELL,EXIT,MAKER,56748.24,0.019400,1100.92,1.1009,RANGE,158,47.9123
2021-04-19T00:15:00Z,1618791300000,BUY,GRID,TAKER,55846.92,0.015200,848.87,0.8489,RANGE,160,0.0000
2021-04-20T00:15:00Z,1618877700000,BUY,GRID,MAKER,55477.29,0.015100,837.71,0.8377,RANGE,161,0.0000
2021-04-21T04:00:00Z,1618977600000,BUY,GRID,MAKER,55280.34,0.015300,845.79,0.8458,RANGE,162,0.0000
2021-04-22T00:15:00Z,1619050500000,BUY,GRID,TAKER,54736.06,0.014600,799.15,0.7991,RANGE,163,0.0000
2021-04-22T21:00:00Z,1619125200000,BUY,GRID,MAKER,51496.82,0.015500,798.20,0.7982,RANGE,164,0.0000
2021-04-23T00:15:00Z,1619136900000,BUY,GRID,TAKER,53914.08,0.027100,1461.07,1.4611,UPTREND,165,0.0000
2021-04-24T00:15:00Z,1619223300000,BUY,GRID,TAKER,53226.35,0.015100,803.72,0.8037,UPTREND,166,0.0000
2021-04-25T00:15:00Z,1619309700000,BUY,GRID,TAKER,52615.72,0.004500,236.77,0.2368,UPTREND,167,0.0000
2021-04-27T06:15:00Z,1619504100000,SELL,EXIT,MAKER,54708.72,0.015500,847.99,0.8480,UPTREND,164,48.1383
2021-04-27T18:15:00Z,1619547300000,SELL,EXIT,MAKER,56276.09,0.004500,253.24,0.2532,UPTREND,167,15.9816
2021-04-30T15:45:00Z,1619797500000,SELL,EXIT,MAKER,56929.06,0.015100,859.63,0.8596,UPTREND,166,54.2476
2021-04-30T18:30:00Z,1619807400000,BUY,GRID,MAKER,51069.22,0.016000,817.11,0.8171,UPTREND,168,0.0000
2021-04-30T18:30:00Z,1619807400000,BUY,GRID,MAKER,47286.31,0.017300,818.05,0.8181,UPTREND,169,0.0000
2021-04-30T18:45:00Z,1619808300000,SELL,EXIT,TAKER,55127.18,0.016000,882.03,0.8820,UPTREND,168,63.2283
2021-04-30T18:45:00Z,1619808300000,SELL,EXIT,TAKER,51043.69,0.017300,883.06,0.8831,UPTREND,169,63.3015
2021-04-30T23:30:00Z,1619825400000,SELL,EXIT,MAKER,57537.31,0.027100,1559.26,1.5593,UPTREND,165,95.1691
2021-05-01T01:45:00Z,1619833500000,SELL,EXIT,MAKER,58150.00,0.014600,848.99,0.8490,UPTREND,163,48.1953
2021-05-02T02:15:00Z,1619921700000,BUY,GRID,MAKER,51441.76,0.030300,1558.69,1.5587,UPTREND,170,0.0000
2021-05-02T02:15:00Z,1619921700000,BUY,GRID,MAKER,47631.26,0.032700,1557.54,1.5575,UPTREND,171,0.0000
2021-05-02T02:30:00Z,1619922600000,SELL,EXIT,TAKER,55529.33,0.030300,1682.54,1.6825,UPTREND,170,120.6122
2021-05-02T02:30:00Z,1619922600000,SELL,EXIT,TAKER,51416.05,0.032700,1681.30,1.6813,UPTREND,171,120.5238
2021-05-03T10:15:00Z,1620036900000,SELL,EXIT,MAKER,58577.07,0.015300,896.23,0.8962,UPTREND,162,48.6980
2021-05-03T11:15:00Z,1620040500000,SELL,EXIT,MAKER,58803.61,0.015100,887.93,0.8879,UPTREND,161,48.5018
2021-05-08T13:30:00Z,1620480600000,SELL,EXIT,MAKER,59166.91,0.015200,899.34,0.8993,UPTREND,160,48.7156
2021-05-12T22:15:00Z,1620857700000,BUY,GRID,MAKER,52722.15,0.030200,1592.21,1.5922,UPTREND,172,0.0000
2021-05-13T00:15:00Z,1620864900000,BUY,GRID,TAKER,51743.67,0.030500,1578.18,1.5782,UPTREND,173,0.0000
2021-05-14T00:15:00Z,1620951300000,BUY,GRID,TAKER,51200.15,0.030000,1536.00,1.5360,UPTREND,174,0.0000
2021-05-15T00:15:00Z,1621037700000,BUY,GRID,TAKER,50732.54,0.030700,1557.49,1.5575,UPTREND,175,0.0000
2021-05-16T00:15:00Z,1621124100000,BUY,GRID,TAKER,50053.78,0.012200,610.66,0.6107,UPTREND,176,0.0000
2021-05-17T00:15:00Z,1621210500000,BUY,GRID,TAKER,49382.03,0.004900,241.97,0.2420,UPTREND,177,0.0000
2021-05-17T01:15:00Z,1621214100000,BUY,GRID,TAKER,45724.10,0.005200,237.77,0.2378,UPTREND,178,0.0000
2021-05-18T00:15:00Z,1621296900000,BUY,GRID,TAKER,48518.64,0.001200,58.22,0.0582,UPTREND,179,0.0000
2021-05-18T14:15:00Z,1621347300000,BUY,GRID,TAKER,44924.67,0.001300,58.40,0.0584,UPTREND,180,0.0000
2021-05-19T00:45:00Z,1621385100000,BUY,GRID,TAKER,47679.70,0.000400,19.07,0.0191,UPTREND,181,0.0000
2021-05-19T00:45:00Z,1621385100000,BUY,GRID,TAKER,44147.87,0.000400,17.66,0.0177,UPTREND,182,0.0000
2021-08-13T20:15:00Z,1628885700000,SELL,EXIT,MAKER,47679.71,0.000400,19.07,0.0191,RANGE,182,1.3760
2021-08-20T14:45:00Z,1629470700000,SELL,EXIT,MAKER,48518.65,0.001300,63.07,0.0631,UPTREND,180,4.5507
2021-08-21T16:15:00Z,1629562500000,SELL,EXIT,MAKER,49382.03,0.005200,256.79,0.2568,UPTREND,178,18.5267
2021-09-05T20:45:00Z,1630874700000,SELL,EXIT,MAKER,51494.08,0.000400,20.60,0.0206,UPTREND,181,1.4861
2021-09-06T22:15:00Z,1630966500000,SELL,EXIT,MAKER,52400.13,0.001200,62.88,0.0629,UPTREND,179,4.5367
2021-09-08T06:15:00Z,1631081700000,BUY,GRID,MAKER,45812.36,0.003300,151.18,0.1512,UPTREND,183,0.0000
2021-09-10T14:15:00Z,1631283300000,BUY,GRID,MAKER,45462.99,0.000600,27.28,0.0273,UPTREND,184,0.0000
2021-09-11T03:45:00Z,1631331900000,BUY,GRID,TAKER,45110.44,0.002100,94.73,0.0947,UPTREND,185,0.0000
2021-09-15T13:45:00Z,1631713500000,SELL,EXIT,MAKER,47726.22,0.002100,100.23,0.1002,UPTREND,185,5.2982
2021-09-15T15:00:00Z,1631718000000,SELL,EXIT,MAKER,48003.65,0.000600,28.80,0.0288,UPTREND,184,1.4683
2021-09-15T16:15:00Z,1631722500000,SELL,EXIT,MAKER,48397.80,0.003300,159.71,0.1597,UPTREND,183,8.2211
2021-09-21T00:15:00Z,1632183300000,BUY,GRID,TAKER,44484.75,0.009000,400.36,0.4004,UPTREND,186,0.0000
2021-09-25T00:15:00Z,1632528900000,BUY,GRID,TAKER,43032.86,0.000400,17.21,0.0172,UPTREND,187,0.0000
2021-09-26T00:15:00Z,1632615300000,BUY,GRID,TAKER,42849.35,0.000200,8.57,0.0086,UPTREND,188,0.0000
2021-09-28T00:15:00Z,1632788100000,BUY,GRID,TAKER,42341.82,0.000800,33.87,0.0339,UPTREND,189,0.0000
2021-10-01T08:00:00Z,1633075200000,SELL,EXIT,MAKER,44900.33,0.000800,35.92,0.0359,UPTREND,189,1.9770
2021-10-01T10:15:00Z,1633083300000,SELL,EXIT,MAKER,45676.14,0.000400,18.27,0.0183,UPTREND,187,1.0218
2021-10-01T10:15:00Z,1633083300000,SELL,EXIT,MAKER,45392.14,0.000200,9.08,0.0091,UPTREND,188,0.4909
2021-10-01T10:30:00Z,1633084200000,SELL,EXIT,MAKER,46952.19,0.009000,422.57,0.4226,UPTREND,186,21.3840
2021-10-06T13:00:00Z,1633525200000,SELL,EXIT,MAKER,54791.15,0.030700,1682.09,1.6821,UPTREND,175,121.3596
2021-10-06T13:00:00Z,1633525200000,SELL,EXIT,MAKER,54058.09,0.012200,659.51,0.6595,UPTREND,176,47.5824
2021-10-06T13:00:00Z,1633525200000,SELL,EXIT,MAKER,53332.60,0.004900,261.33,0.2613,UPTREND,177,18.8545
2021-10-06T20:30:00Z,1633552200000,SELL,EXIT,MAKER,55296.16,0.030000,1658.88,1.6589,UPTREND,174,119.6855
2021-10-08T08:30:00Z,1633681800000,SELL,EXIT,MAKER,55883.17,0.030500,1704.44,1.7044,UPTREND,173,122.9722
2021-10-10T20:15:00Z,1633896900000,SELL,EXIT,MAKER,56347.52,0.030200,1701.70,1.7017,UPTREND,172,106.1923
2021-10-15T04:00:00Z,1634270400000,SELL,EXIT,MAKER,59451.80,0.018600,1105.80,1.1058,UPTREND,157,48.1251
2021-11-16T03:30:00Z,1637033400000,BUY,GRID,MAKER,60549.34,0.027600,1671.16,1.6712,UPTREND,190,0.0000
2021-11-17T00:15:00Z,1637108100000,BUY,GRID,MAKER,59977.96,0.027900,1673.39,1.6734,UPTREND,191,0.0000
2021-11-18T04:00:00Z,1637208000000,BUY,GRID,MAKER,59797.85,0.028000,1674.34,1.6743,UPTREND,192,0.0000
2021-11-18T17:00:00Z,1637254800000,BUY,GRID,MAKER,57083.94,0.029300,1672.56,1.6726,UPTREND,193,0.0000
2021-11-19T00:15:00Z,1637280900000,BUY,GRID,TAKER,59040.64,0.004400,259.78,0.2598,RANGE,194,0.0000
2021-11-20T00:15:00Z,1637367300000,BUY,GRID,TAKER,58750.75,0.001000,58.75,0.0588,RANGE,195,0.0000
2021-11-20T23:45:00Z,1637451900000,SELL,EXIT,MAKER,59797.86,0.029300,1752.08,1.7521,RANGE,193,76.0932
2021-11-21T03:45:00Z,1637466300000,BUY,GRID,MAKER,58652.69,0.019300,1132.00,1.1320,RANGE,196,0.0000
2021-11-22T00:15:00Z,1637540100000,BUY,GRID,TAKER,58477.08,0.007000,409.34,0.4093,RANGE,197,0.0000
2021-11-23T00:15:00Z,1637626500000,BUY,GRID,TAKER,57857.63,0.003600,208.29,0.2083,RANGE,198,0.0000
2021-11-24T00:15:00Z,1637712900000,BUY,GRID,TAKER,57651.76,0.000600,34.59,0.0346,RANGE,199,0.0000
2021-11-25T00:15:00Z,1637799300000,BUY,GRID,TAKER,57402.33,0.000400,22.96,0.0230,RANGE,200,0.0000
2021-11-27T00:15:00Z,1637972100000,BUY,GRID,TAKER,56358.05,0.002400,135.26,0.1353,RANGE,201,0.0000
2021-11-28T00:15:00Z,1638058500000,BUY,GRID,TAKER,56088.43,0.000300,16.83,0.0168,RANGE,202,0.0000
2021-11-30T15:15:00Z,1638285300000,SELL,EXIT,MAKER,59011.73,0.000300,17.70,0.0177,RANGE,202,0.8425
2021-12-04T00:15:00Z,1638576900000,BUY,GRID,TAKER,54763.73,0.001000,54.76,0.0548,RANGE,203,0.0000
2022-06-18T06:45:00Z,1655534700000,SELL,KILL,TAKER,19367.06,0.001000,19.37,0.0194,DOWNTREND,203,-35.4708
2022-06-18T06:45:00Z,1655534700000,SELL,KILL,TAKER,19367.06,0.002400,46.48,0.0465,DOWNTREND,201,-88.9601
2022-06-18T06:45:00Z,1655534700000,SELL,KILL,TAKER,19367.06,0.000400,7.75,0.0077,DOWNTREND,200,-15.2448
2022-06-18T06:45:00Z,1655534700000,SELL,KILL,TAKER,19367.06,0.000600,11.62,0.0116,DOWNTREND,199,-23.0170
2022-06-18T06:45:00Z,1655534700000,SELL,KILL,TAKER,19367.06,0.003600,69.72,0.0697,DOWNTREND,198,-138.8441
2022-06-18T06:45:00Z,1655534700000,SELL,KILL,TAKER,19367.06,0.007000,135.57,0.1356,DOWNTREND,197,-274.3151
2022-06-18T06:45:00Z,1655534700000,SELL,KILL,TAKER,19367.06,0.019300,373.78,0.3738,DOWNTREND,196,-759.7184
2022-06-18T06:45:00Z,1655534700000,SELL,KILL,TAKER,19367.06,0.001000,19.37,0.0194,DOWNTREND,195,-39.4618
2022-06-18T06:45:00Z,1655534700000,SELL,KILL,TAKER,19367.06,0.004400,85.22,0.0852,DOWNTREND,194,-174.9087
2022-06-18T06:45:00Z,1655534700000,SELL,KILL,TAKER,19367.06,0.028000,542.28,0.5423,DOWNTREND,192,-1134.2787
2022-08-19T06:30:00Z,1660890600000,BUY,GRID,MAKER,22520.44,0.042200,950.36,0.9504,RANGE,204,0.0000
2022-08-19T06:30:00Z,1660890600000,BUY,GRID,MAKER,21617.76,0.044000,951.18,0.9512,RANGE,205,0.0000
2022-08-20T00:15:00Z,1660954500000,BUY,GRID,TAKER,22089.11,0.034100,753.24,0.7532,RANGE,206,0.0000
2022-08-20T00:15:00Z,1660954500000,BUY,GRID,TAKER,21010.89,0.035900,754.29,0.7543,RANGE,207,0.0000
2022-08-21T00:15:00Z,1661040900000,BUY,GRID,TAKER,21951.95,0.001500,32.93,0.0329,RANGE,208,0.0000
2022-08-27T00:15:00Z,1661559300000,BUY,GRID,TAKER,21198.54,0.003400,72.08,0.0721,RANGE,209,0.0000
2022-08-27T05:15:00Z,1661577300000,BUY,GRID,TAKER,20229.34,0.003500,70.80,0.0708,RANGE,210,0.0000
2022-08-29T00:15:00Z,1661732100000,BUY,GRID,TAKER,20803.70,0.001600,33.29,0.0333,RANGE,211,0.0000
2022-09-09T12:30:00Z,1662726600000,SELL,EXIT,MAKER,21198.56,0.003500,74.19,0.0742,DOWNTREND,210,3.2473
2022-09-10T22:45:00Z,1662849900000,SELL,EXIT,MAKER,21774.51,0.001600,34.84,0.0348,DOWNTREND,211,1.4852
2022-09-12T01:30:00Z,1662946200000,SELL,EXIT,MAKER,22089.11,0.035900,793.00,0.7930,DOWNTREND,207,37.1608
2022-09-12T01:45:00Z,1662947100000,SELL,EXIT,MAKER,22214.20,0.003400,75.53,0.0755,DOWNTREND,209,3.3056
2022-09-13T06:30:00Z,1663050600000,SELL,EXIT,MAKER,22520.45,0.044000,990.90,0.9909,RANGE,205,37.7763
2022-09-13T19:00:00Z,1663095600000,BUY,GRID,MAKER,20075.61,0.025600,513.94,0.5139,RANGE,212,0.0000
2022-09-14T18:00:00Z,1663178400000,BUY,GRID,MAKER,19800.84,0.038000,752.43,0.7524,RANGE,213,0.0000
2022-09-15T14:45:00Z,1663253100000,BUY,GRID,MAKER,19763.85,0.016100,318.20,0.3182,RANGE,214,0.0000
2022-09-16T00:15:00Z,1663287300000,BUY,GRID,MAKER,19659.08,0.008200,161.20,0.1612,RANGE,215,0.0000
2022-09-18T17:45:00Z,1663523100000,BUY,GRID,MAKER,19627.37,0.002400,47.11,0.0471,RANGE,216,0.0000
2022-09-19T00:15:00Z,1663546500000,BUY,GRID,TAKER,19516.80,0.003300,64.41,0.0644,RANGE,217,0.0000
2022-09-19T05:45:00Z,1663566300000,BUY,GRID,MAKER,18649.03,0.003500,65.27,0.0653,RANGE,218,0.0000
2022-09-19T19:30:00Z,1663615800000,SELL,EXIT,MAKER,19507.05,0.003500,68.27,0.0683,RANGE,218,2.8695
2022-09-20T01:15:00Z,1663636500000,BUY,GRID,MAKER,19402.00,0.000900,17.46,0.0175,RANGE,219,0.0000
2022-09-27T12:15:00Z,1664280900000,SELL,EXIT,MAKER,20321.73,0.000900,18.29,0.0183,DOWNTREND,219,0.7920
2022-10-04T20:45:00Z,1664916300000,SELL,EXIT,MAKER,20414.75,0.003300,67.37,0.0674,RANGE,217,2.8314
2022-10-13T10:15:00Z,1665656100000,BUY,GRID,MAKER,18835.61,0.005900,111.13,0.1111,RANGE,220,0.0000
2022-10-13T18:45:00Z,1665686700000,SELL,EXIT,MAKER,19488.34,0.005900,114.98,0.1150,RANGE,220,3.6250
2022-10-21T12:00:00Z,1666353600000,BUY,GRID,MAKER,18752.46,0.006800,127.52,0.1275,RANGE,221,0.0000
2022-10-23T17:45:00Z,1666547100000,SELL,EXIT,MAKER,19346.74,0.006800,131.56,0.1316,RANGE,221,3.7820
2022-10-26T08:30:00Z,1666773000000,SELL,EXIT,MAKER,20628.95,0.008200,169.16,0.1692,RANGE,215,7.6226
2022-10-26T08:30:00Z,1666773000000,SELL,EXIT,MAKER,20508.53,0.002400,49.22,0.0492,RANGE,216,2.0185
2022-10-26T08:45:00Z,1666773900000,SELL,EXIT,MAKER,20726.77,0.016100,333.70,0.3337,RANGE,214,14.8511
2022-10-26T14:15:00Z,1666793700000,SELL,EXIT,MAKER,20843.24,0.025600,533.59,0.5336,RANGE,212,18.6038
2022-10-26T14:15:00Z,1666793700000,SELL,EXIT,MAKER,20779.75,0.038000,789.63,0.7896,RANGE,213,35.6565
2022-11-08T04:00:00Z,1667880000000,BUY,GRID,MAKER,19766.17,0.055700,1100.98,1.1010,RANGE,222,0.0000
2022-11-08T16:30:00Z,1667925000000,SELL,EXIT,MAKER,20336.20,0.055700,1132.73,1.1327,RANGE,222,29.5170
2022-11-08T18:00:00Z,1667930400000,BUY,GRID,MAKER,19212.12,0.057300,1100.85,1.1009,RANGE,223,0.0000
2022-11-09T00:15:00Z,1667952900000,BUY,GRID,TAKER,19330.27,0.029900,577.98,0.5780,RANGE,224,0.0000
2022-11-10T00:15:00Z,1668039300000,BUY,GRID,TAKER,18635.26,0.015600,290.71,0.2907,RANGE,225,0.0000
2022-11-10T00:15:00Z,1668039300000,BUY,GRID,TAKER,17566.78,0.016600,291.61,0.2916,RANGE,226,0.0000
2022-12-20T00:15:00Z,1671495300000,BUY,GRID,TAKER,16538.50,0.001300,21.50,0.0215,RANGE,227,0.0000
2022-12-20T15:30:00Z,1671550200000,SELL,EXIT,MAKER,17018.74,0.001300,22.12,0.0221,RANGE,227,0.5807
2022-12-29T02:15:00Z,1672280100000,BUY,GRID,MAKER,16513.91,0.000700,11.56,0.0116,RANGE,228,0.0000
2023-01-04T04:00:00Z,1672804800000,SELL,EXIT,MAKER,16871.47,0.000700,11.81,0.0118,RANGE,228,0.2269
2023-01-12T17:30:00Z,1673544600000,SELL,EXIT,MAKER,18635.27,0.016600,309.35,0.3093,RANGE,226,17.1360
2023-01-13T21:30:00Z,1673645400000,SELL,EXIT,MAKER,19766.17,0.057300,1132.60,1.1326,RANGE,223,29.5136
2023-01-13T21:30:00Z,1673645400000,SELL,EXIT,MAKER,19768.75,0.015600,308.39,0.3084,RANGE,225,17.0833
2023-01-14T00:00:00Z,1673654400000,SELL,EXIT,MAKER,20175.73,0.029900,603.25,0.6033,DOWNTREND,224,24.0980
2023-01-21T09:45:00Z,1674294300000,SELL,EXIT,MAKER,23025.35,0.001500,34.54,0.0345,RANGE,208,1.5426
2023-01-21T10:00:00Z,1674295200000,SELL,EXIT,MAKER,23222.66,0.034100,791.89,0.7919,RANGE,206,37.1090
2023-01-25T21:45:00Z,1674683100000,SELL,EXIT,MAKER,23460.82,0.042200,990.05,0.9900,RANGE,204,37.7436
2023-02-09T19:45:00Z,1675971900000,BUY,GRID,MAKER,21935.84,0.052700,1156.02,1.1560,RANGE,229,0.0000
2023-02-10T04:00:00Z,1676001600000,BUY,GRID,MAKER,21789.16,0.050300,1095.99,1.0960,RANGE,230,0.0000
2023-02-11T00:15:00Z,1676074500000,BUY,GRID,TAKER,21734.86,0.048300,1049.79,1.0498,RANGE,231,0.0000
2023-02-12T22:00:00Z,1676239200000,BUY,GRID,MAKER,21707.16,0.010400,225.75,0.2258,RANGE,232,0.0000
2023-02-13T02:30:00Z,1676255400000,BUY,GRID,MAKER,21667.74,0.002100,45.50,0.0455,RANGE,233,0.0000
2023-02-14T14:15:00Z,1676384100000,BUY,GRID,MAKER,21629.59,0.000400,8.65,0.0087,RANGE,234,0.0000
2023-02-14T15:00:00Z,1676386800000,SELL,EXIT,MAKER,22255.85,0.000400,8.90,0.0089,RANGE,234,0.2329
2023-02-15T11:30:00Z,1676460600000,SELL,EXIT,MAKER,22426.01,0.048300,1083.18,1.0832,RANGE,231,31.2495
2023-02-15T11:30:00Z,1676460600000,SELL,EXIT,MAKER,22362.01,0.010400,232.56,0.2326,RANGE,232,6.3521
2023-02-15T11:30:00Z,1676460600000,SELL,EXIT,MAKER,22306.93,0.002100,46.84,0.0468,RANGE,233,1.2500
2023-02-15T12:00:00Z,1676462400000,SELL,EXIT,MAKER,22570.74,0.052700,1189.48,1.1895,RANGE,229,31.1137
2023-02-15T12:00:00Z,1676462400000,SELL,EXIT,MAKER,22497.04,0.050300,1131.60,1.1316,RANGE,230,33.3788
2023-03-03T01:30:00Z,1677807000000,BUY,GRID,MAKER,22648.56,0.051800,1173.20,1.1732,UPTREND,235,0.0000
2023-03-04T00:15:00Z,1677888900000,BUY,GRID,TAKER,22481.75,0.051700,1162.31,1.1623,UPTREND,236,0.0000
2023-03-05T00:15:00Z,1677975300000,BUY,GRID,TAKER,22433.77,0.051800,1162.07,1.1621,UPTREND,237,0.0000
2023-03-06T00:15:00Z,1678061700000,BUY,GRID,MAKER,22380.70,0.003800,85.05,0.0850,RANGE,238,0.0000
2023-03-07T12:00:00Z,1678190400000,BUY,GRID,MAKER,22344.45,0.001300,29.05,0.0290,RANGE,239,0.0000
2023-03-08T00:15:00Z,1678234500000,BUY,GRID,TAKER,22279.27,0.001100,24.51,0.0245,RANGE,240,0.0000
2023-03-09T00:15:00Z,1678320900000,BUY,GRID,TAKER,22153.99,0.002000,44.31,0.0443,RANGE,241,0.0000
2023-03-09T18:00:00Z,1678384800000,BUY,GRID,MAKER,21430.31,0.002100,45.00,0.0450,RANGE,242,0.0000
2023-03-09T20:15:00Z,1678392900000,BUY,GRID,MAKER,20740.63,0.002200,45.63,0.0456,RANGE,243,0.0000
2023-03-10T00:15:00Z,1678407300000,BUY,GRID,TAKER,21802.96,0.002100,45.79,0.0458,RANGE,244,0.0000
2023-03-12T22:15:00Z,1678659300000,SELL,EXIT,MAKER,21430.31,0.002200,47.15,0.0471,RANGE,243,1.4245
2023-03-13T00:15:00Z,1678666500000,SELL,EXIT,MAKER,22142.92,0.002100,46.50,0.0465,RANGE,242,1.4050
2023-03-13T14:00:00Z,1678716000000,SELL,EXIT,MAKER,22890.67,0.002000,45.78,0.0458,RANGE,241,1.3833
2023-03-13T14:00:00Z,1678716000000,SELL,EXIT,MAKER,22650.46,0.002100,47.57,0.0476,RANGE,244,1.6864
2023-03-13T14:15:00Z,1678716900000,SELL,EXIT,MAKER,23432.58,0.051800,1213.81,1.2138,RANGE,235,38.2252
2023-03-13T14:15:00Z,1678716900000,SELL,EXIT,MAKER,23341.62,0.051700,1206.76,1.2068,RANGE,236,42.0865
2023-03-13T14:15:00Z,1678716900000,SELL,EXIT,MAKER,23247.64,0.051800,1204.23,1.2042,RANGE,237,39.7921
2023-03-13T14:15:00Z,1678716900000,SELL,EXIT,MAKER,23159.20,0.003800,88.00,0.0880,RANGE,238,2.7852
2023-03-13T14:15:00Z,1678716900000,SELL,EXIT,MAKER,23087.27,0.001300,30.01,0.0300,RANGE,239,0.9066
2023-03-13T14:15:00Z,1678716900000,SELL,EXIT,MAKER,23013.82,0.001100,25.32,0.0253,RANGE,240,0.7582
2023-04-20T19:15:00Z,1682018100000,BUY,GRID,MAKER,28113.14,0.043500,1222.92,1.2229,UPTREND,245,0.0000
2023-04-21T06:45:00Z,1682059500000,BUY,GRID,MAKER,28015.14,0.043600,1221.46,1.2215,UPTREND,246,0.0000
2023-04-22T00:15:00Z,1682122500000,BUY,GRID,TAKER,27825.74,0.043300,1204.85,1.2049,UPTREND,247,0.0000
2023-04-23T00:15:00Z,1682208900000,BUY,GRID,TAKER,27771.64,0.032600,905.36,0.9054,UPTREND,248,0.0000
2023-04-24T00:15:00Z,1682295300000,BUY,GRID,TAKER,27694.13,0.000600,16.62,0.0166,UPTREND,249,0.0000
2023-04-25T00:30:00Z,1682382600000,BUY,GRID,TAKER,27589.59,0.000300,8.28,0.0083,UPTREND,250,0.0000
2023-04-26T08:15:00Z,1682496900000,SELL,EXIT,MAKER,28621.64,0.000600,17.17,0.0172,UPTREND,249,0.5227
2023-04-26T08:15:00Z,1682496900000,SELL,EXIT,MAKER,28516.58,0.000300,8.55,0.0086,UPTREND,250,0.2613
2023-04-26T08:30:00Z,1682497800000,SELL,EXIT,MAKER,28728.88,0.032600,936.56,0.9366,UPTREND,248,29.3641
2023-04-26T09:30:00Z,1682501400000,SELL,EXIT,MAKER,28824.12,0.043300,1248.08,1.2481,UPTREND,247,40.7771
2023-04-26T10:45:00Z,1682505900000,SELL,EXIT,MAKER,29049.77,0.043500,1263.66,1.2637,UPTREND,245,38.2568
2023-04-26T10:45:00Z,1682505900000,SELL,EXIT,MAKER,28972.75,0.043600,1263.21,1.2632,UPTREND,246,39.2671
2023-05-01T20:45:00Z,1682973900000,BUY,GRID,MAKER,27805.50,0.044800,1245.69,1.2457,UPTREND,251,0.0000
2023-05-02T18:45:00Z,1683053100000,SELL,EXIT,MAKER,28751.05,0.044800,1288.05,1.2880,RANGE,251,39.8269
2023-05-08T08:45:00Z,1683535500000,BUY,GRID,MAKER,27792.22,0.036400,1011.64,1.0116,RANGE,252,0.0000
2023-05-09T00:15:00Z,1683591300000,BUY,GRID,TAKER,27655.10,0.034500,954.10,0.9541,RANGE,253,0.0000
2023-05-10T07:15:00Z,1683702900000,BUY,GRID,MAKER,27584.60,0.036000,993.05,0.9930,RANGE,254,0.0000
2023-05-11T00:30:00Z,1683765000000,BUY,GRID,MAKER,27475.08,0.015300,420.37,0.4204,RANGE,255,0.0000
2023-05-12T00:15:00Z,1683850500000,BUY,GRID,TAKER,27338.98,0.007000,191.37,0.1914,RANGE,256,0.0000
2023-05-12T06:15:00Z,1683872100000,BUY,GRID,TAKER,26367.49,0.007200,189.85,0.1898,RANGE,257,0.0000
2023-05-15T05:45:00Z,1684129500000,SELL,EXIT,MAKER,27338.98,0.007200,196.84,0.1968,RANGE,257,6.6081
2023-05-16T01:15:00Z,1684199700000,BUY,GRID,MAKER,26958.43,0.002500,67.40,0.0674,RANGE,258,0.0000
2023-05-17T07:45:00Z,1684309500000,BUY,GRID,MAKER,26911.42,0.001200,32.29,0.0323,RANGE,259,0.0000
2023-05-19T01:45:00Z,1684460700000,BUY,GRID,MAKER,26773.50,0.000900,24.10,0.0241,RANGE,260,0.0000
2023-05-22T00:30:00Z,1684715400000,BUY,GRID,MAKER,26671.93,0.000500,13.34,0.0133,RANGE,261,0.0000
2023-05-25T00:15:00Z,1684973700000,BUY,GRID,TAKER,26506.49,0.001200,31.81,0.0318,RANGE,262,0.0000
2023-05-28T11:15:00Z,1685272500000,SELL,EXIT,MAKER,27305.04,0.001200,32.77,0.0328,RANGE,262,0.8937
2023-05-28T18:15:00Z,1685297700000,SELL,EXIT,MAKER,27664.71,0.000900,24.90,0.0249,RANGE,260,0.7531
2023-05-28T18:15:00Z,1685297700000,SELL,EXIT,MAKER,27469.18,0.000500,13.73,0.0137,RANGE,261,0.3716
2023-05-28T21:45:00Z,1685310300000,SELL,EXIT,MAKER,27870.19,0.002500,69.68,0.0697,RANGE,258,2.1423
2023-05-28T21:45:00Z,1685310300000,SELL,EXIT,MAKER,27790.56,0.001200,33.35,0.0333,RANGE,259,0.9893
2023-05-29T00:15:00Z,1685319300000,SELL,EXIT,MAKER,28346.27,0.007000,198.42,0.1984,RANGE,256,6.6612
2023-06-05T15:15:00Z,1685978100000,BUY,GRID,MAKER,26521.91,0.009000,238.70,0.2387,RANGE,263,0.0000
2023-06-06T00:15:00Z,1686010500000,BUY,GRID,TAKER,26289.89,0.005000,131.45,0.1314,RANGE,264,0.0000
2023-06-06T19:45:00Z,1686080700000,SELL,EXIT,MAKER,27097.59,0.005000,135.49,0.1355,RANGE,264,3.7716
2023-06-06T23:15:00Z,1686093300000,SELL,EXIT,MAKER,27227.08,0.009000,245.04,0.2450,RANGE,263,5.8628
2023-06-07T16:00:00Z,1686153600000,BUY,GRID,MAKER,26260.15,0.007400,194.33,0.1943,RANGE,265,0.0000
2023-06-10T04:15:00Z,1686370500000,BUY,GRID,MAKER,26107.51,0.004300,112.26,0.1123,RANGE,266,0.0000
2023-06-11T00:15:00Z,1686442500000,BUY,GRID,TAKER,25984.63,0.002900,75.36,0.0754,RANGE,267,0.0000
2023-06-12T00:15:00Z,1686528900000,BUY,GRID,MAKER,25913.84,0.000900,23.32,0.0233,RANGE,268,0.0000
2023-06-13T00:45:00Z,1686617100000,BUY,GRID,MAKER,25862.17,0.000400,10.34,0.0103,RANGE,269,0.0000
2023-06-15T00:15:00Z,1686788100000,BUY,GRID,TAKER,25634.24,0.001900,48.71,0.0487,RANGE,270,0.0000
2023-06-16T18:15:00Z,1686939300000,SELL,EXIT,MAKER,26465.21,0.001900,50.28,0.0503,UPTREND,270,1.4799
2023-06-17T05:30:00Z,1686979800000,SELL,EXIT,MAKER,26660.49,0.000400,10.66,0.0107,UPTREND,269,0.2983
2023-06-17T06:15:00Z,1686982500000,SELL,EXIT,MAKER,26740.28,0.000900,24.07,0.0241,UPTREND,268,0.6964
2023-06-19T18:00:00Z,1687197600000,SELL,EXIT,MAKER,26929.44,0.004300,115.80,0.1158,RANGE,266,3.3062
2023-06-19T18:00:00Z,1687197600000,SELL,EXIT,MAKER,26839.03,0.002900,77.83,0.0778,RANGE,267,2.3246
2023-06-20T01:00:00Z,1687222800000,SELL,EXIT,MAKER,27098.25,0.007400,200.53,0.2005,RANGE,265,5.8071
2023-06-21T01:00:00Z,1687309200000,SELL,EXIT,MAKER,28769.99,0.036400,1047.23,1.0472,RANGE,252,33.5320
2023-06-21T01:00:00Z,1687309200000,SELL,EXIT,MAKER,28679.18,0.034500,989.43,0.9894,RANGE,253,33.3872
2023-06-21T01:00:00Z,1687309200000,SELL,EXIT,MAKER,28566.41,0.036000,1028.39,1.0284,RANGE,254,33.3237
2023-06-21T01:00:00Z,1687309200000,SELL,EXIT,MAKER,28474.55,0.015300,435.66,0.4357,RANGE,255,14.4359
2023-07-21T06:30:00Z,1689921000000,BUY,GRID,MAKER,29357.66,0.043300,1271.19,1.2712,UPTREND,271,0.0000
2023-07-23T17:45:00Z,1690134300000,SELL,EXIT,MAKER,30091.32,0.043300,1302.95,1.3030,UPTREND,271,29.1933
2023-07-24T09:45:00Z,1690191900000,BUY,GRID,MAKER,29334.14,0.043500,1276.04,1.2760,UPTREND,272,0.0000
2023-07-25T00:15:00Z,1690244100000,BUY,GRID,TAKER,29213.75,0.043500,1270.80,1.2708,UPTREND,273,0.0000
2023-07-26T00:15:00Z,1690330500000,BUY,GRID,MAKER,29164.00,0.043600,1271.55,1.2716,UPTREND,274,0.0000
2023-07-27T18:30:00Z,1690482600000,BUY,GRID,MAKER,29128.65,0.031300,911.73,0.9117,UPTREND,275,0.0000
2023-08-02T01:00:00Z,1690938000000,SELL,EXIT,MAKER,29895.49,0.043600,1303.44,1.3034,RANGE,274,29.3180
2023-08-02T01:00:00Z,1690938000000,SELL,EXIT,MAKER,29843.61,0.031300,934.10,0.9341,RANGE,275,20.5324
2023-08-02T01:30:00Z,1690939800000,SELL,EXIT,MAKER,29980.90,0.043500,1304.17,1.3042,RANGE,273,30.7961
2023-08-04T20:45:00Z,1691181900000,BUY,GRID,MAKER,28911.65,0.044300,1280.79,1.2808,RANGE,276,0.0000
2023-08-07T15:30:00Z,1691422200000,BUY,GRID,MAKER,28868.17,0.033700,972.86,0.9729,RANGE,277,0.0000
2023-08-08T12:00:00Z,1691496000000,SELL,EXIT,MAKER,29430.71,0.033700,991.81,0.9918,RANGE,277,16.9929
2023-08-08T12:45:00Z,1691498700000,SELL,EXIT,MAKER,29550.11,0.044300,1309.07,1.3091,RANGE,276,25.6939
2023-08-08T21:15:00Z,1691529300000,SELL,EXIT,MAKER,30049.24,0.043500,1307.14,1.3071,RANGE,272,28.5237
2023-08-11T08:00:00Z,1691740800000,BUY,GRID,MAKER,28885.83,0.044700,1291.20,1.2912,RANGE,278,0.0000
2023-08-11T08:00:00Z,1691740800000,BUY,GRID,MAKER,28324.57,0.045600,1291.60,1.2916,RANGE,279,0.0000
2023-08-11T08:15:00Z,1691741700000,SELL,EXIT,TAKER,28871.40,0.045600,1316.54,1.3165,RANGE,279,22.3272
2023-08-11T13:00:00Z,1691758800000,SELL,EXIT,MAKER,29458.22,0.044700,1316.78,1.3168,RANGE,278,22.9779
2023-08-16T23:00:00Z,1692226800000,BUY,GRID,MAKER,28872.92,0.044800,1293.51,1.2935,RANGE,280,0.0000
2023-08-17T00:15:00Z,1692231300000,BUY,GRID,TAKER,28816.21,0.044800,1290.97,1.2910,RANGE,281,0.0000
2023-08-17T21:15:00Z,1692306900000,BUY,GRID,TAKER,28277.51,0.045600,1289.45,1.2895,RANGE,282,0.0000
2023-08-18T00:15:00Z,1692317700000,BUY,GRID,TAKER,28230.66,0.002200,62.11,0.0621,RANGE,283,0.0000
2023-08-18T02:45:00Z,1692326700000,BUY,GRID,TAKER,26558.46,0.002300,61.08,0.0611,RANGE,284,0.0000
2023-08-18T17:00:00Z,1692378000000,BUY,GRID,TAKER,27381.79,0.002300,62.98,0.0630,RANGE,285,0.0000
2023-08-29T14:30:00Z,1693319400000,SELL,EXIT,MAKER,27381.80,0.002300,62.98,0.0630,RANGE,284,1.7696
2023-08-31T16:45:00Z,1693500300000,BUY,GRID,MAKER,26481.60,0.036900,977.17,0.9772,UPTREND,286,0.0000
2023-09-18T11:15:00Z,1695035700000,SELL,EXIT,MAKER,27184.67,0.036900,1003.11,1.0031,RANGE,286,23.9630
2023-10-02T07:30:00Z,1696231800000,SELL,EXIT,MAKER,28230.66,0.002300,64.93,0.0649,RANGE,285,1.8245
2023-10-12T16:15:00Z,1697127300000,BUY,GRID,MAKER,26623.66,0.001100,29.29,0.0293,RANGE,287,0.0000
2023-10-15T22:00:00Z,1697407200000,SELL,EXIT,MAKER,27237.49,0.001100,29.96,0.0300,RANGE,287,0.6160
2023-10-16T13:15:00Z,1697462100000,SELL,EXIT,MAKER,28816.22,0.045600,1314.02,1.3140,RANGE,282,21.9616
2023-10-16T13:30:00Z,1697463000000,SELL,EXIT,MAKER,29415.59,0.044800,1317.82,1.3178,RANGE,280,21.7003
2023-10-16T13:30:00Z,1697463000000,SELL,EXIT,MAKER,29365.18,0.044800,1315.56,1.3156,RANGE,281,21.9873
2023-10-16T13:30:00Z,1697463000000,SELL,EXIT,MAKER,29105.84,0.002200,64.03,0.0640,RANGE,283,1.7993
2024-01-03T12:00:00Z,1704283200000,BUY,GRID,MAKER,41567.68,0.022600,939.43,0.9394,RANGE,288,0.0000
2024-01-03T15:45:00Z,1704296700000,SELL,EXIT,MAKER,42845.87,0.022600,968.32,0.9683,RANGE,288,26.9793
2024-01-12T22:15:00Z,1705097700000,BUY,GRID,MAKER,42518.39,0.016400,697.30,0.6973,RANGE,289,0.0000
2024-01-14T23:00:00Z,1705273200000,BUY,GRID,MAKER,42033.35,0.014500,609.48,0.6095,RANGE,290,0.0000
2024-01-18T17:00:00Z,1705597200000,BUY,GRID,MAKER,41751.44,0.016100,672.20,0.6722,RANGE,291,0.0000
2024-01-19T00:15:00Z,1705623300000,BUY,GRID,TAKER,41484.11,0.013600,564.18,0.5642,RANGE,292,0.0000
2024-01-22T03:15:00Z,1705893300000,BUY,GRID,TAKER,41274.96,0.009700,400.37,0.4004,RANGE,293,0.0000
2024-01-22T19:30:00Z,1705951800000,BUY,GRID,MAKER,39665.73,0.010100,400.62,0.4006,RANGE,294,0.0000
2024-01-23T00:15:00Z,1705968900000,BUY,GRID,TAKER,40852.01,0.002700,110.30,0.1103,RANGE,295,0.0000
2024-01-23T09:00:00Z,1706000400000,BUY,GRID,MAKER,39146.79,0.002800,109.61,0.1096,RANGE,296,0.0000
2024-01-24T00:15:00Z,1706055300000,BUY,GRID,TAKER,40629.90,0.000400,16.25,0.0163,RANGE,297,0.0000
2024-01-26T00:15:00Z,1706228100000,BUY,GRID,TAKER,40348.15,0.000200,8.07,0.0081,RANGE,298,0.0000
2024-01-26T11:00:00Z,1706266800000,SELL,EXIT,MAKER,40831.59,0.002800,114.33,0.1143,RANGE,296,4.4935
2024-01-26T11:30:00Z,1706268600000,SELL,EXIT,MAKER,41254.34,0.010100,416.67,0.4167,RANGE,294,15.2277
2024-01-26T16:45:00Z,1706287500000,SELL,EXIT,MAKER,41934.35,0.000200,8.39,0.0084,RANGE,298,0.3008
2024-01-28T04:15:00Z,1706415300000,SELL,EXIT,MAKER,42354.42,0.000400,16.94,0.0169,RANGE,297,0.6566
2024-01-28T04:45:00Z,1706417100000,SELL,EXIT,MAKER,42610.20,0.002700,115.05,0.1150,RANGE,295,4.5218
2024-01-29T16:15:00Z,1706544900000,SELL,EXIT,MAKER,42928.02,0.009700,416.40,0.4164,RANGE,293,15.2179
2024-01-30T01:15:00Z,1706577300000,SELL,EXIT,MAKER,43370.11,0.013600,589.83,0.5898,RANGE,292,24.4956
2024-01-30T02:00:00Z,1706580000000,SELL,EXIT,MAKER,43562.37,0.016100,701.35,0.7014,RANGE,291,27.7824
2024-02-07T20:15:00Z,1707336900000,SELL,EXIT,MAKER,44040.03,0.014500,638.58,0.6386,RANGE,290,27.8488
2024-02-07T21:30:00Z,1707341400000,SELL,EXIT,TAKER,44287.65,0.016400,726.32,0.7263,RANGE,289,27.5922
2024-02-28T17:00:00Z,1709139600000,SELL,EXIT,MAKER,63170.04,0.027600,1743.49,1.7435,UPTREND,190,68.9167
2024-02-28T17:00:00Z,1709139600000,SELL,EXIT,MAKER,62880.72,0.027900,1754.37,1.7544,UPTREND,191,77.5592
2024-03-19T11:00:00Z,1710846000000,BUY,GRID,MAKER,62814.00,0.024700,1551.51,1.5515,UPTREND,299,0.0000
2024-03-20T03:45:00Z,1710906300000,BUY,GRID,MAKER,61985.76,0.022200,1376.08,1.3761,UPTREND,300,0.0000
2024-03-20T19:00:00Z,1710961200000,SELL,EXIT,MAKER,65459.93,0.022200,1453.21,1.4532,UPTREND,300,74.2973
2024-03-20T19:45:00Z,1710963900000,SELL,EXIT,MAKER,65823.55,0.024700,1625.84,1.6258,UPTREND,299,71.1585
2024-04-02T11:30:00Z,1712057400000,BUY,GRID,MAKER,65125.54,0.011100,722.89,0.7229,RANGE,301,0.0000
2024-04-04T16:15:00Z,1712247300000,SELL,EXIT,MAKER,68044.35,0.011100,755.29,0.7553,RANGE,301,30.9206
2024-04-12T18:30:00Z,1712946600000,BUY,GRID,MAKER,65914.70,0.011500,758.02,0.7580,RANGE,302,0.0000
2024-04-13T19:45:00Z,1713037500000,BUY,GRID,MAKER,65488.79,0.010500,687.63,0.6876,RANGE,303,0.0000
2024-04-13T20:00:00Z,1713038400000,BUY,GRID,MAKER,62531.10,0.011000,687.84,0.6878,RANGE,304,0.0000
2024-04-14T00:15:00Z,1713053700000,BUY,GRID,TAKER,64698.87,0.009400,608.17,0.6082,RANGE,305,0.0000
2024-04-14T23:15:00Z,1713136500000,SELL,EXIT,MAKER,65488.79,0.011000,720.38,0.7204,RANGE,304,31.1264
2024-04-15T14:45:00Z,1713192300000,BUY,GRID,MAKER,64527.57,0.009700,625.92,0.6259,RANGE,306,0.0000
2024-04-16T00:15:00Z,1713226500000,BUY,GRID,TAKER,63985.07,0.009200,588.66,0.5887,RANGE,307,0.0000
2024-04-17T00:15:00Z,1713312900000,BUY,GRID,TAKER,63733.65,0.009600,611.84,0.6118,RANGE,308,0.0000
2024-04-17T15:30:00Z,1713367800000,BUY,GRID,MAKER,60461.12,0.010100,610.66,0.6107,RANGE,309,0.0000
2024-04-18T00:15:00Z,1713399300000,BUY,GRID,TAKER,62997.28,0.009000,566.98,0.5670,RANGE,310,0.0000
2024-04-18T14:15:00Z,1713449700000,SELL,EXIT,MAKER,63701.80,0.010100,643.39,0.6434,RANGE,309,31.4768
2024-04-19T00:45:00Z,1713487500000,BUY,GRID,MAKER,62823.69,0.009500,596.83,0.5968,RANGE,311,0.0000
2024-04-22T05:45:00Z,1713764700000,SELL,EXIT,MAKER,66266.86,0.009500,629.54,0.6295,RANGE,311,31.4838
2024-04-22T17:15:00Z,1713806100000,SELL,EXIT,MAKER,66593.40,0.009000,599.34,0.5993,RANGE,310,31.1987
2024-04-22T23:00:00Z,1713826800000,SELL,EXIT,MAKER,67149.74,0.009600,644.64,0.6446,RANGE,308,31.5380
2024-04-27T02:00:00Z,1714183200000,BUY,GRID,MAKER,62553.76,0.011200,700.60,0.7006,RANGE,312,0.0000
2024-04-29T04:00:00Z,1714363200000,BUY,GRID,TAKER,62374.22,0.011900,742.25,0.7423,RANGE,313,0.0000
2024-04-30T08:30:00Z,1714465800000,BUY,GRID,MAKER,62293.20,0.012000,747.52,0.7475,RANGE,314,0.0000
2024-04-30T19:45:00Z,1714506300000,BUY,GRID,MAKER,59711.80,0.012500,746.40,0.7464,RANGE,315,0.0000
2024-05-01T00:15:00Z,1714522500000,BUY,GRID,TAKER,61609.55,0.003100,190.99,0.1910,RANGE,316,0.0000
2024-05-01T07:00:00Z,1714546800000,BUY,GRID,MAKER,58719.96,0.003200,187.90,0.1879,RANGE,317,0.0000
2024-05-02T00:15:00Z,1714608900000,BUY,GRID,TAKER,60845.42,0.016700,1016.12,1.0161,UPTREND,318,0.0000
2024-05-03T13:30:00Z,1714743000000,SELL,EXIT,MAKER,61578.76,0.003200,197.05,0.1971,UPTREND,317,8.7632
2024-05-03T20:15:00Z,1714767300000,SELL,EXIT,MAKER,62293.21,0.012500,778.67,0.7787,UPTREND,315,30.7426
2024-05-04T10:45:00Z,1714819500000,SELL,EXIT,MAKER,64014.69,0.016700,1069.05,1.0690,UPTREND,318,50.8417
2024-05-06T08:15:00Z,1714983300000,SELL,EXIT,MAKER,65136.47,0.011900,775.12,0.7751,UPTREND,313,31.3534
2024-05-06T08:15:00Z,1714983300000,SELL,EXIT,MAKER,64986.21,0.012000,779.83,0.7798,UPTREND,314,30.7888
2024-05-06T08:15:00Z,1714983300000,SELL,EXIT,MAKER,64609.03,0.003100,200.29,0.2003,UPTREND,316,8.9071
2024-05-10T16:00:00Z,1715356800000,BUY,GRID,MAKER,60514.89,0.012500,756.44,0.7564,RANGE,319,0.0000
2024-05-13T09:15:00Z,1715591700000,SELL,EXIT,MAKER,63176.62,0.012500,789.71,0.7897,RANGE,319,31.7255
2024-05-15T18:45:00Z,1715798700000,SELL,EXIT,MAKER,65508.25,0.011200,733.69,0.7337,RANGE,312,31.6560
2024-05-19T10:30:00Z,1716114600000,SELL,EXIT,MAKER,67500.63,0.009200,621.01,0.6210,RANGE,307,31.1335
2024-05-20T16:30:00Z,1716222600000,SELL,EXIT,MAKER,68160.02,0.009400,640.70,0.6407,RANGE,305,31.2859
2024-05-20T16:30:00Z,1716222600000,SELL,EXIT,MAKER,67892.27,0.009700,658.56,0.6586,RANGE,306,31.3531
2024-05-20T18:30:00Z,1716229800000,SELL,EXIT,MAKER,68586.37,0.010500,720.16,0.7202,RANGE,303,31.1168
2024-05-20T19:00:00Z,1716231600000,SELL,EXIT,TAKER,68705.80,0.011500,790.12,0.7901,RANGE,302,30.5495
2024-06-11T10:00:00Z,1718100000000,BUY,GRID,MAKER,66948.66,0.019600,1312.19,1.3122,RANGE,320,0.0000
2024-06-12T12:30:00Z,1718195400000,SELL,EXIT,MAKER,68719.11,0.019600,1346.89,1.3469,RANGE,320,32.0417
2024-06-13T15:30:00Z,1718292600000,BUY,GRID,MAKER,66577.02,0.017500,1165.10,1.1651,RANGE,321,0.0000
2024-06-14T16:00:00Z,1718380800000,BUY,GRID,MAKER,66365.38,0.017200,1141.48,1.1415,RANGE,322,0.0000
2024-06-15T00:15:00Z,1718410500000,BUY,GRID,TAKER,66144.01,0.016900,1117.83,1.1178,RANGE,323,0.0000
2024-06-17T07:00:00Z,1718607600000,BUY,GRID,MAKER,66002.52,0.018700,1234.25,1.2342,RANGE,324,0.0000
2024-06-18T00:45:00Z,1718671500000,BUY,GRID,MAKER,65856.43,0.018600,1224.93,1.2249,RANGE,325,0.0000
2024-06-19T00:15:00Z,1718756100000,BUY,GRID,TAKER,65571.88,0.008700,570.48,0.5705,RANGE,326,0.0000
2024-06-20T00:15:00Z,1718842500000,BUY,GRID,TAKER,65398.41,0.004000,261.59,0.2616,RANGE,327,0.0000
2024-06-21T00:15:00Z,1718928900000,BUY,GRID,TAKER,65172.78,0.001700,110.79,0.1108,RANGE,328,0.0000
2024-06-22T00:15:00Z,1719015300000,BUY,GRID,TAKER,64903.71,0.001000,64.90,0.0649,RANGE,329,0.0000
2024-06-23T00:15:00Z,1719101700000,BUY,GRID,TAKER,64767.67,0.000400,25.91,0.0259,RANGE,330,0.0000
2024-06-24T00:15:00Z,1719188100000,BUY,GRID,TAKER,64461.26,0.000700,45.12,0.0451,RANGE,331,0.0000
2024-06-24T04:00:00Z,1719201600000,BUY,GRID,MAKER,62712.64,0.000700,43.90,0.0439,RANGE,332,0.0000
2024-07-15T22:30:00Z,1721082600000,SELL,EXIT,MAKER,64429.05,0.000700,45.10,0.0451,UPTREND,332,1.1125
2024-07-19T16:00:00Z,1721404800000,SELL,EXIT,MAKER,66225.53,0.000700,46.36,0.0464,UPTREND,331,1.1435
2024-07-19T17:15:00Z,1721409300000,SELL,EXIT,MAKER,66541.46,0.000400,26.62,0.0266,UPTREND,330,0.6570
2024-07-19T17:45:00Z,1721411100000,SELL,EXIT,MAKER,66776.75,0.001000,66.78,0.0668,UPTREND,329,1.7414
2024-07-19T19:15:00Z,1721416500000,SELL,EXIT,MAKER,67050.37,0.001700,113.99,0.1140,UPTREND,328,2.9671
2024-07-19T19:30:00Z,1721417400000,SELL,EXIT,MAKER,67277.12,0.004000,269.11,0.2691,UPTREND,327,6.9841
2024-07-20T18:45:00Z,1721501100000,SELL,EXIT,MAKER,67517.01,0.008700,587.40,0.5874,UPTREND,326,15.7648
2024-07-21T20:15:00Z,1721592900000,SELL,EXIT,MAKER,67855.75,0.018700,1268.90,1.2689,UPTREND,324,32.1523
2024-07-21T20:15:00Z,1721592900000,SELL,EXIT,MAKER,67726.55,0.018600,1259.71,1.2597,UPTREND,325,32.2996
2024-07-21T22:00:00Z,1721599200000,SELL,EXIT,MAKER,68198.44,0.016900,1152.55,1.1526,UPTREND,323,32.4496
2024-07-22T00:45:00Z,1721609100000,SELL,EXIT,MAKER,68387.37,0.017200,1176.26,1.1763,UPTREND,322,32.4605
2024-07-27T13:00:00Z,1722085200000,SELL,EXIT,MAKER,68556.01,0.017500,1199.73,1.1997,RANGE,321,32.2675
2024-08-01T15:30:00Z,1722526200000,BUY,GRID,MAKER,62985.62,0.016400,1032.96,1.0330,RANGE,333,0.0000
2024-08-01T21:45:00Z,1722548700000,SELL,EXIT,MAKER,65205.34,0.016400,1069.37,1.0694,RANGE,333,34.3011
2024-08-02T15:00:00Z,1722610800000,BUY,GRID,MAKER,62965.32,0.016200,1020.04,1.0200,RANGE,334,0.0000
2024-08-03T00:15:00Z,1722644100000,BUY,GRID,TAKER,62380.76,0.014500,904.52,0.9045,RANGE,335,0.0000
2024-08-03T21:00:00Z,1722718800000,BUY,GRID,MAKER,59927.40,0.015100,904.90,0.9049,RANGE,336,0.0000
2024-08-04T00:15:00Z,1722730500000,BUY,GRID,TAKER,61980.20,0.014400,892.51,0.8925,RANGE,337,0.0000
2024-08-04T14:45:00Z,1722782700000,BUY,GRID,MAKER,59523.95,0.015000,892.86,0.8929,RANGE,338,0.0000
2024-08-05T00:15:00Z,1722816900000,BUY,GRID,TAKER,61205.62,0.013400,820.16,0.8202,RANGE,339,0.0000
2024-08-05T00:15:00Z,1722816900000,BUY,GRID,TAKER,58621.55,0.014000,820.70,0.8207,RANGE,340,0.0000
2024-08-05T00:45:00Z,1722818700000,BUY,GRID,MAKER,56118.52,0.014600,819.33,0.8193,RANGE,341,0.0000
2024-08-06T00:15:00Z,1722903300000,BUY,GRID,TAKER,59644.21,0.001300,77.54,0.0775,RANGE,342,0.0000
2024-08-06T00:15:00Z,1722903300000,BUY,GRID,TAKER,56503.23,0.001400,79.10,0.0791,RANGE,343,0.0000
2024-08-08T00:15:00Z,1723076100000,BUY,GRID,TAKER,58436.60,0.000100,5.84,0.0058,RANGE,344,0.0000
2024-08-08T00:15:00Z,1723076100000,BUY,GRID,TAKER,55413.65,0.000200,11.08,0.0111,RANGE,345,0.0000
2024-08-08T14:30:00Z,1723127400000,SELL,EXIT,MAKER,58436.62,0.000200,11.69,0.0117,RANGE,345,0.5818
2024-08-08T14:45:00Z,1723128300000,SELL,EXIT,MAKER,58592.25,0.014600,855.45,0.8554,RANGE,341,34.4417
2024-08-08T16:00:00Z,1723132800000,SELL,EXIT,MAKER,59644.22,0.001400,83.50,0.0835,RANGE,343,4.2348
2024-08-08T22:30:00Z,1723156200000,SELL,EXIT,MAKER,61205.62,0.014000,856.88,0.8569,RANGE,340,34.4995
2024-08-08T22:45:00Z,1723157100000,SELL,EXIT,MAKER,62349.60,0.015100,941.48,0.9415,RANGE,336,34.7288
2024-08-08T22:45:00Z,1723157100000,SELL,EXIT,MAKER,61949.23,0.015000,929.24,0.9292,RANGE,338,34.5571
2024-08-08T22:45:00Z,1723157100000,SELL,EXIT,MAKER,61624.48,0.000100,6.16,0.0062,RANGE,344,0.3068
2024-08-11T20:30:00Z,1723408200000,BUY,GRID,MAKER,58491.96,0.028600,1672.87,1.6729,UPTREND,346,0.0000
2024-08-12T07:00:00Z,1723446000000,BUY,GRID,MAKER,58127.36,0.010000,581.27,0.5813,RANGE,347,0.0000
2024-08-13T17:00:00Z,1723568400000,SELL,EXIT,MAKER,61209.53,0.010000,612.10,0.6121,RANGE,347,29.6283
2024-08-13T17:30:00Z,1723570200000,SELL,EXIT,MAKER,61472.21,0.028600,1758.11,1.7581,RANGE,346,81.8042
2024-08-15T18:15:00Z,1723745700000,BUY,GRID,MAKER,57744.77,0.012500,721.81,0.7218,RANGE,348,0.0000
2024-08-16T01:15:00Z,1723770900000,BUY,GRID,MAKER,57363.70,0.012100,694.10,0.6941,RANGE,349,0.0000
2024-08-20T00:30:00Z,1724113800000,SELL,EXIT,MAKER,60463.90,0.012100,731.61,0.7316,UPTREND,349,36.0867
2024-08-20T01:00:00Z,1724115600000,SELL,EXIT,MAKER,60772.12,0.012500,759.65,0.7597,UPTREND,348,36.3604
2024-08-23T17:45:00Z,1724435100000,SELL,EXIT,MAKER,62959.80,0.001300,81.85,0.0818,RANGE,342,4.1509
2024-08-23T21:15:00Z,1724447700000,SELL,EXIT,MAKER,63903.59,0.013400,856.31,0.8563,RANGE,339,34.4764
2024-08-23T22:15:00Z,1724451300000,SELL,EXIT,MAKER,64505.56,0.014400,928.88,0.9289,RANGE,337,34.5437
2024-08-27T22:15:00Z,1724796900000,BUY,GRID,MAKER,58973.91,0.017000,1002.56,1.0026,RANGE,350,0.0000
2024-08-28T16:15:00Z,1724861700000,BUY,GRID,MAKER,58545.60,0.015200,889.89,0.8899,RANGE,351,0.0000
2024-08-30T15:15:00Z,1725030900000,BUY,GRID,MAKER,58261.25,0.015600,908.88,0.9089,RANGE,352,0.0000
2024-09-01T05:15:00Z,1725167700000,BUY,GRID,MAKER,58119.13,0.016800,976.40,0.9764,RANGE,353,0.0000
2024-09-02T00:15:00Z,1725236100000,BUY,GRID,TAKER,57832.73,0.012400,717.13,0.7171,RANGE,354,0.0000
2024-09-03T14:45:00Z,1725374700000,BUY,GRID,MAKER,57792.66,0.006200,358.31,0.3583,RANGE,355,0.0000
2024-09-04T00:45:00Z,1725410700000,BUY,GRID,MAKER,57496.12,0.003900,224.23,0.2242,RANGE,356,0.0000
2024-09-05T03:00:00Z,1725505200000,BUY,GRID,MAKER,57313.06,0.001900,108.89,0.1089,RANGE,357,0.0000
2024-09-06T00:15:00Z,1725581700000,BUY,GRID,TAKER,56946.92,0.001800,102.50,0.1025,RANGE,358,0.0000
2024-09-06T14:45:00Z,1725633900000,BUY,GRID,MAKER,54621.70,0.001900,103.78,0.1038,RANGE,359,0.0000
2024-09-09T19:30:00Z,1725910200000,SELL,EXIT,MAKER,56918.46,0.001900,108.15,0.1081,RANGE,359,4.1519
2024-09-11T14:45:00Z,1726065900000,BUY,GRID,MAKER,55646.81,0.000400,22.26,0.0223,RANGE,360,0.0000
2024-09-11T18:15:00Z,1726078500000,SELL,EXIT,MAKER,57902.39,0.000400,23.16,0.0232,RANGE,360,0.8568
2024-09-13T15:30:00Z,1726241400000,SELL,EXIT,MAKER,59341.45,0.001800,106.81,0.1068,RANGE,358,4.1008
2024-09-13T15:45:00Z,1726242300000,SELL,EXIT,MAKER,59641.05,0.001900,113.32,0.1133,RANGE,357,4.2010
2024-09-13T17:45:00Z,1726249500000,SELL,EXIT,MAKER,59818.01,0.003900,233.29,0.2333,RANGE,356,8.5978
2024-09-13T21:00:00Z,1726261200000,SELL,EXIT,MAKER,60062.36,0.006200,372.39,0.3724,RANGE,355,13.3414
2024-09-13T21:15:00Z,1726262100000,SELL,EXIT,MAKER,60190.15,0.012400,746.36,0.7464,RANGE,354,27.7685
2024-09-13T22:15:00Z,1726265700000,SELL,EXIT,MAKER,60460.68,0.016800,1015.74,1.0157,RANGE,353,37.3459
2024-09-17T15:00:00Z,1726585200000,SELL,EXIT,MAKER,60773.83,0.015600,948.07,0.9481,RANGE,352,37.3393
2024-09-17T15:15:00Z,1726586100000,SELL,EXIT,MAKER,61294.75,0.017000,1042.01,1.0420,RANGE,350,37.4097
2024-09-17T15:15:00Z,1726586100000,SELL,EXIT,MAKER,61121.53,0.015200,929.05,0.9290,RANGE,351,37.3352
2024-09-26T14:15:00Z,1727360100000,SELL,EXIT,MAKER,64902.13,0.014500,941.08,0.9411,RANGE,335,34.7142
2024-09-26T15:30:00Z,1727364600000,SELL,EXIT,MAKER,65225.20,0.016200,1056.65,1.0566,RANGE,334,34.5334
2024-10-01T20:15:00Z,1727813700000,BUY,GRID,MAKER,60838.01,0.022800,1387.11,1.3871,RANGE,361,0.0000
2024-10-02T19:15:00Z,1727896500000,BUY,GRID,MAKER,60460.33,0.020600,1245.48,1.2455,RANGE,362,0.0000
2024-10-03T08:30:00Z,1727944200000,BUY,GRID,MAKER,60265.26,0.020400,1229.41,1.2294,RANGE,363,0.0000
2024-10-04T19:00:00Z,1728068400000,SELL,EXIT,MAKER,62345.73,0.020400,1271.85,1.2719,RANGE,363,39.9403
2024-10-06T14:30:00Z,1728225000000,SELL,EXIT,MAKER,62525.06,0.020600,1288.02,1.2880,RANGE,362,39.9999
2024-10-06T14:45:00Z,1728225900000,SELL,EXIT,MAKER,62701.60,0.022800,1429.60,1.4296,RANGE,361,39.6731
2024-10-09T20:45:00Z,1728506700000,BUY,GRID,MAKER,60412.04,0.023500,1419.68,1.4197,RANGE,364,0.0000
2024-10-10T17:00:00Z,1728579600000,BUY,GRID,MAKER,60196.53,0.022800,1372.48,1.3725,RANGE,365,0.0000
2024-10-11T15:00:00Z,1728658800000,SELL,EXIT,MAKER,62078.76,0.022800,1415.40,1.4154,RANGE,365,40.1270
2024-10-11T15:15:00Z,1728659700000,SELL,EXIT,MAKER,62230.40,0.023500,1462.41,1.4624,RANGE,364,39.8494
2024-12-19T20:00:00Z,1734638400000,BUY,GRID,MAKER,95874.57,0.018500,1773.68,1.7737,UPTREND,366,0.0000
2024-12-20T08:45:00Z,1734684300000,BUY,GRID,MAKER,95383.24,0.018600,1774.13,1.7741,UPTREND,367,0.0000
2024-12-21T07:30:00Z,1734766200000,SELL,EXIT,MAKER,99402.98,0.018600,1848.90,1.8489,UPTREND,367,71.1441
2024-12-22T19:45:00Z,1734896700000,BUY,GRID,MAKER,95003.12,0.018800,1786.06,1.7861,UPTREND,368,0.0000
2024-12-23T00:30:00Z,1734913800000,BUY,GRID,MAKER,94628.71,0.018800,1779.02,1.7790,UPTREND,369,0.0000
2024-12-24T00:15:00Z,1734999300000,BUY,GRID,MAKER,94274.93,0.018900,1781.80,1.7818,UPTREND,370,0.0000
2024-12-24T16:00:00Z,1735056000000,SELL,EXIT,MAKER,98329.74,0.018900,1858.43,1.8584,UPTREND,370,72.9957
2024-12-24T17:00:00Z,1735059600000,SELL,EXIT,MAKER,98692.49,0.018800,1855.42,1.8554,UPTREND,369,72.7646
2024-12-24T18:00:00Z,1735063200000,SELL,EXIT,MAKER,99062.97,0.018800,1862.38,1.8624,UPTREND,368,72.6767
2024-12-26T00:00:00Z,1735171200000,SELL,EXIT,MAKER,99607.67,0.018500,1842.74,1.8427,UPTREND,366,65.4459
2024-12-27T15:30:00Z,1735313400000,BUY,GRID,MAKER,94183.26,0.019300,1817.74,1.8177,UPTREND,371,0.0000
2024-12-29T16:30:00Z,1735489800000,BUY,GRID,MAKER,93761.20,0.019400,1818.97,1.8190,UPTREND,372,0.0000
2024-12-30T01:00:00Z,1735520400000,BUY,GRID,MAKER,93455.72,0.019400,1813.04,1.8130,UPTREND,373,0.0000
2024-12-31T00:15:00Z,1735604100000,BUY,GRID,TAKER,93081.18,0.019400,1805.77,1.8058,UPTREND,374,0.0000
2025-01-02T11:00:00Z,1735815600000,SELL,EXIT,MAKER,96854.47,0.019400,1878.98,1.8790,UPTREND,374,69.5171
2025-01-02T14:45:00Z,1735829100000,SELL,EXIT,MAKER,97228.11,0.019400,1886.23,1.8862,UPTREND,373,69.4851
2025-01-02T19:15:00Z,1735845300000,SELL,EXIT,MAKER,97595.54,0.019400,1893.35,1.8934,UPTREND,372,70.6739
2025-01-03T16:15:00Z,1735920900000,SELL,EXIT,MAKER,98208.15,0.019300,1895.42,1.8954,RANGE,371,73.9672
2025-01-08T17:15:00Z,1736356500000,BUY,GRID,MAKER,93854.51,0.013600,1276.42,1.2764,RANGE,375,0.0000
2025-01-09T07:30:00Z,1736407800000,BUY,GRID,MAKER,93526.27,0.013200,1234.55,1.2345,RANGE,376,0.0000
2025-01-10T00:15:00Z,1736468100000,BUY,GRID,TAKER,93025.21,0.012800,1190.72,1.1907,RANGE,377,0.0000
2025-01-13T09:15:00Z,1736759700000,BUY,GRID,MAKER,92839.46,0.014400,1336.89,1.3369,RANGE,378,0.0000
2025-01-14T09:15:00Z,1736846100000,SELL,EXIT,MAKER,96152.65,0.014400,1384.60,1.3846,RANGE,378,44.9884
2025-01-14T09:30:00Z,1736847000000,SELL,EXIT,MAKER,96736.75,0.012800,1238.23,1.2382,RANGE,377,45.0788
2025-01-14T09:45:00Z,1736847900000,SELL,EXIT,MAKER,97340.41,0.013600,1323.83,1.3238,RANGE,375,44.8080
2025-01-14T09:45:00Z,1736847900000,SELL,EXIT,MAKER,97123.75,0.013200,1282.03,1.2820,RANGE,376,44.9702
2025-02-02T17:15:00Z,1738516500000,BUY,GRID,MAKER,97969.55,0.012500,1224.62,1.2246,RANGE,379,0.0000
2025-02-03T00:15:00Z,1738541700000,BUY,GRID,TAKER,97442.26,0.011900,1159.56,1.1596,RANGE,380,0.0000
2025-02-03T01:45:00Z,1738547100000,BUY,GRID,MAKER,93533.27,0.012400,1159.81,1.1598,RANGE,381,0.0000
2025-02-03T15:15:00Z,1738595700000,SELL,EXIT,MAKER,97393.56,0.012400,1207.68,1.2077,RANGE,381,45.5001
2025-02-03T19:45:00Z,1738611900000,SELL,EXIT,MAKER,101804.14,0.012500,1272.55,1.2726,RANGE,379,45.4352
2025-02-03T19:45:00Z,1738611900000,SELL,EXIT,MAKER,101463.88,0.011900,1207.42,1.2074,RANGE,380,45.4903
2025-02-04T21:30:00Z,1738704600000,BUY,GRID,MAKER,97072.03,0.011200,1087.21,1.0872,RANGE,382,0.0000
2025-02-05T19:00:00Z,1738782000000,BUY,GRID,MAKER,96527.85,0.010700,1032.85,1.0328,RANGE,383,0.0000
2025-02-06T18:15:00Z,1738865700000,BUY,GRID,MAKER,96187.48,0.010900,1048.44,1.0484,RANGE,384,0.0000
2025-02-07T20:30:00Z,1738960200000,BUY,GRID,MAKER,95891.21,0.011200,1073.98,1.0740,RANGE,385,0.0000
2025-02-09T21:30:00Z,1739136600000,BUY,GRID,MAKER,95449.29,0.011800,1126.30,1.1263,RANGE,386,0.0000
2025-02-11T19:15:00Z,1739301300000,BUY,GRID,MAKER,95219.46,0.019900,1894.87,1.8949,UPTREND,387,0.0000
2025-02-12T13:30:00Z,1739367000000,BUY,GRID,MAKER,94875.48,0.019900,1888.02,1.8880,UPTREND,388,0.0000
2025-02-18T16:45:00Z,1739897100000,BUY,GRID,MAKER,94627.20,0.003100,293.34,0.2933,UPTREND,389,0.0000
2025-02-20T14:15:00Z,1740060900000,SELL,EXIT,MAKER,97889.66,0.003100,303.46,0.3035,UPTREND,389,9.5168
2025-02-21T09:15:00Z,1740129300000,SELL,EXIT,MAKER,98778.06,0.019900,1965.68,1.9657,UPTREND,388,73.8076
2025-02-21T13:00:00Z,1740142800000,SELL,EXIT,MAKER,99093.85,0.019900,1971.97,1.9720,UPTREND,387,73.2335
2025-02-24T15:00:00Z,1740409200000,BUY,GRID,MAKER,94401.80,0.020200,1906.92,1.9069,UPTREND,390,0.0000
2025-02-24T23:45:00Z,1740440700000,BUY,GRID,MAKER,91583.90,0.020800,1904.95,1.9049,UPTREND,391,0.0000
2025-02-25T00:15:00Z,1740442500000,BUY,GRID,TAKER,93620.20,0.005200,486.83,0.4868,UPTREND,392,0.0000
2025-02-26T00:15:00Z,1740528900000,BUY,GRID,TAKER,92534.16,0.001300,120.29,0.1203,UPTREND,393,0.0000
2025-02-26T14:30:00Z,1740580200000,BUY,GRID,TAKER,89157.95,0.001300,115.91,0.1159,UPTREND,394,0.0000
2025-03-02T17:15:00Z,1740935700000,SELL,EXIT,MAKER,92534.16,0.001300,120.29,0.1203,UPTREND,394,4.1529
2025-03-02T17:30:00Z,1740936600000,SELL,EXIT,MAKER,94401.80,0.020800,1963.56,1.9636,UPTREND,391,54.7438
2025-03-03T18:15:00Z,1741025700000,BUY,GRID,MAKER,88526.87,0.018300,1620.04,1.6200,UPTREND,395,0.0000
2025-03-04T00:15:00Z,1741047300000,BUY,GRID,TAKER,87299.50,0.003600,314.28,0.3143,UPTREND,396,0.0000
2025-03-05T00:30:00Z,1741134600000,BUY,GRID,MAKER,86706.33,0.000300,26.01,0.0260,UPTREND,397,0.0000
2025-03-06T01:45:00Z,1741225500000,SELL,EXIT,MAKER,91472.83,0.000300,27.44,0.0274,UPTREND,397,1.3765
2025-03-06T02:45:00Z,1741229100000,SELL,EXIT,MAKER,91960.33,0.003600,331.06,0.3311,UPTREND,396,16.1337
2025-03-06T05:30:00Z,1741239000000,SELL,EXIT,MAKER,92514.18,0.018300,1693.01,1.6930,UPTREND,395,69.6547
2025-03-07T00:15:00Z,1741306500000,BUY,GRID,MAKER,86645.68,0.017700,1533.63,1.5336,UPTREND,398,0.0000
2025-03-08T01:30:00Z,1741397400000,BUY,GRID,MAKER,85974.91,0.004300,369.69,0.3697,UPTREND,399,0.0000
2025-03-09T11:45:00Z,1741520700000,BUY,GRID,TAKER,85797.22,0.001300,111.54,0.1115,UPTREND,400,0.0000
2025-03-09T22:15:00Z,1741558500000,BUY,GRID,MAKER,81353.21,0.001400,113.89,0.1139,UPTREND,401,0.0000
2025-03-19T18:45:00Z,1742409900000,SELL,EXIT,MAKER,85754.34,0.001400,120.06,0.1201,RANGE,401,5.9276
2025-04-22T14:15:00Z,1745331300000,SELL,EXIT,MAKER,90438.77,0.001300,117.57,0.1176,RANGE,400,5.8049
2025-04-22T14:45:00Z,1745333100000,SELL,EXIT,MAKER,90827.25,0.004300,390.56,0.3906,RANGE,399,20.1048
2025-04-22T15:00:00Z,1745334000000,SELL,EXIT,MAKER,91251.43,0.017700,1615.15,1.6152,RANGE,398,78.3730
2025-05-01T10:15:00Z,1746094500000,SELL,EXIT,MAKER,96038.23,0.001300,124.85,0.1248,UPTREND,393,4.3101
2025-05-01T14:45:00Z,1746110700000,SELL,EXIT,MAKER,96808.64,0.005200,503.40,0.5034,UPTREND,392,15.5897
2025-05-01T15:00:00Z,1746111600000,SELL,EXIT,MAKER,97306.41,0.020200,1965.59,1.9656,UPTREND,390,54.8006
2025-05-08T08:00:00Z,1746691200000,SELL,EXIT,MAKER,99562.90,0.011800,1174.84,1.1748,UPTREND,386,46.2395
2025-05-08T15:15:00Z,1746717300000,SELL,EXIT,MAKER,100634.73,0.010900,1096.92,1.0969,UPTREND,384,46.3297
2025-05-08T15:15:00Z,1746717300000,SELL,EXIT,MAKER,100246.14,0.011200,1122.76,1.1228,UPTREND,385,46.5785
2025-05-08T15:30:00Z,1746718200000,SELL,EXIT,MAKER,101405.97,0.011200,1135.75,1.1357,UPTREND,382,46.3172
2025-05-08T15:30:00Z,1746718200000,SELL,EXIT,MAKER,101058.64,0.010700,1081.33,1.0813,UPTREND,383,46.3653
2025-06-05T18:15:00Z,1749147300000,BUY,GRID,MAKER,102721.43,0.019200,1972.25,1.9723,RANGE,402,0.0000
2025-06-06T00:15:00Z,1749168900000,BUY,GRID,TAKER,102138.22,0.017400,1777.21,1.7772,RANGE,403,0.0000
2025-06-06T15:00:00Z,1749222000000,SELL,EXIT,MAKER,105003.77,0.017400,1827.07,1.8271,RANGE,403,46.2562
2025-06-07T12:30:00Z,1749299400000,SELL,EXIT,MAKER,105314.58,0.019200,2022.04,2.0220,RANGE,402,45.7942
2025-06-13T00:30:00Z,1749774600000,BUY,GRID,MAKER,103391.08,0.018000,1861.04,1.8610,RANGE,404,0.0000
2025-06-16T04:15:00Z,1750047300000,SELL,EXIT,MAKER,106182.77,0.018000,1911.29,1.9113,RANGE,404,46.4781
2025-06-17T17:00:00Z,1750179600000,BUY,GRID,MAKER,103392.66,0.018500,1912.76,1.9128,RANGE,405,0.0000
2025-06-20T08:00:00Z,1750406400000,SELL,EXIT,MAKER,106119.80,0.018500,1963.22,1.9632,RANGE,405,46.5761
2025-06-20T17:15:00Z,1750439700000,BUY,GRID,MAKER,103046.76,0.018700,1926.97,1.9270,RANGE,406,0.0000
2025-06-21T18:45:00Z,1750531500000,BUY,GRID,MAKER,102683.44,0.017900,1838.03,1.8380,RANGE,407,0.0000
2025-06-22T00:15:00Z,1750551300000,BUY,GRID,TAKER,102370.90,0.017600,1801.73,1.8017,RANGE,408,0.0000
2025-06-22T14:15:00Z,1750601700000,BUY,GRID,MAKER,99526.38,0.018100,1801.43,1.8014,RANGE,409,0.0000
2025-06-23T00:15:00Z,1750637700000,BUY,GRID,TAKER,101790.83,0.006500,661.64,0.6616,RANGE,410,0.0000
2025-06-23T13:45:00Z,1750686300000,SELL,EXIT,MAKER,102319.74,0.018100,1851.99,1.8520,RANGE,409,46.9064
2025-06-23T22:00:00Z,1750716000000,SELL,EXIT,MAKER,105516.73,0.017900,1888.75,1.8887,RANGE,407,46.9891
2025-06-23T22:00:00Z,1750716000000,SELL,EXIT,MAKER,105244.10,0.017600,1852.30,1.8523,RANGE,408,46.9143
2025-06-23T22:00:00Z,1750716000000,SELL,EXIT,MAKER,104843.39,0.006500,681.48,0.6815,RANGE,410,18.4985
2025-06-23T22:15:00Z,1750716900000,SELL,EXIT,MAKER,105753.15,0.018700,1977.58,1.9776,RANGE,406,46.7049
2025-08-01T18:00:00Z,1754071200000,BUY,GRID,MAKER,114090.65,0.017700,2019.40,2.0194,RANGE,411,0.0000
2025-08-02T00:15:00Z,1754093700000,BUY,GRID,TAKER,113722.08,0.017700,2012.88,2.0129,RANGE,412,0.0000
2025-08-03T00:15:00Z,1754180100000,BUY,GRID,TAKER,113394.24,0.017700,2007.08,2.0071,RANGE,413,0.0000
2025-08-05T14:15:00Z,1754403300000,BUY,GRID,MAKER,113214.40,0.017300,1958.61,1.9586,RANGE,414,0.0000
2025-08-07T10:15:00Z,1754561700000,SELL,EXIT,MAKER,115848.60,0.017300,2004.18,2.0042,RANGE,414,41.6089
2025-08-07T10:30:00Z,1754562600000,SELL,EXIT,MAKER,116172.47,0.017700,2056.25,2.0563,RANGE,413,45.1114
2025-08-07T11:15:00Z,1754565300000,SELL,EXIT,MAKER,116546.84,0.017700,2062.88,2.0629,RANGE,412,45.9224
2025-08-07T19:30:00Z,1754595000000,SELL,EXIT,MAKER,116824.84,0.017700,2067.80,2.0678,RANGE,411,44.3080
2025-08-18T09:15:00Z,1755508500000,BUY,GRID,MAKER,114773.68,0.017800,2042.97,2.0430,RANGE,415,0.0000
2025-08-19T04:00:00Z,1755576000000,BUY,GRID,MAKER,114621.48,0.017800,2040.26,2.0403,RANGE,416,0.0000
2025-08-20T00:15:00Z,1755648900000,BUY,GRID,TAKER,114096.14,0.016700,1905.41,1.9054,RANGE,417,0.0000
2025-08-21T04:30:00Z,1755750600000,BUY,GRID,MAKER,113870.05,0.017100,1947.18,1.9472,RANGE,418,0.0000
2025-08-22T00:15:00Z,1755821700000,BUY,GRID,TAKER,113495.40,0.004200,476.68,0.4767,RANGE,419,0.0000
2025-08-22T15:00:00Z,1755874800000,SELL,EXIT,MAKER,116691.80,0.017100,1995.43,1.9954,RANGE,418,44.3093
2025-08-22T15:00:00Z,1755874800000,SELL,EXIT,MAKER,116350.69,0.004200,488.67,0.4887,RANGE,419,11.0269
2025-08-22T15:45:00Z,1755877500000,SELL,EXIT,MAKER,117004.22,0.016700,1953.97,1.9540,RANGE,417,44.7056
2025-08-22T18:00:00Z,1755885600000,SELL,EXIT,MAKER,117374.70,0.017800,2089.27,2.0893,RANGE,416,44.8778
2025-08-24T19:30:00Z,1756063800000,BUY,GRID,MAKER,113325.93,0.016500,1869.88,1.8699,RANGE,420,0.0000
2025-08-25T00:30:00Z,1756081800000,BUY,GRID,MAKER,112887.39,0.015600,1761.04,1.7610,RANGE,421,0.0000
2025-08-25T20:30:00Z,1756153800000,BUY,GRID,MAKER,109857.54,0.016000,1757.72,1.7577,RANGE,422,0.0000
2025-08-26T00:15:00Z,1756167300000,BUY,GRID,TAKER,112217.90,0.007100,796.75,0.7967,RANGE,423,0.0000
2025-08-27T00:15:00Z,1756253700000,BUY,GRID,TAKER,111897.21,0.002200,246.17,0.2462,RANGE,424,0.0000
2025-08-28T00:15:00Z,1756340100000,BUY,GRID,TAKER,111596.37,0.000900,100.44,0.1004,RANGE,425,0.0000
2025-08-28T04:45:00Z,1756356300000,SELL,EXIT,MAKER,112887.39,0.016000,1806.20,1.8062,RANGE,422,44.9137
2025-08-29T02:45:00Z,1756435500000,BUY,GRID,MAKER,111415.92,0.010900,1214.43,1.2144,RANGE,426,0.0000
2025-08-30T00:15:00Z,1756512900000,BUY,GRID,TAKER,110644.14,0.004100,453.64,0.4536,RANGE,427,0.0000
2025-08-31T00:15:00Z,1756599300000,BUY,GRID,TAKER,110305.17,0.001600,176.49,0.1765,RANGE,428,0.0000
2025-09-01T00:15:00Z,1756685700000,BUY,GRID,TAKER,109932.24,0.000700,76.95,0.0770,RANGE,429,0.0000
2025-09-05T12:30:00Z,1757075400000,SELL,EXIT,MAKER,113008.51,0.000700,79.11,0.0791,RANGE,429,1.9973
2025-09-10T13:00:00Z,1757509200000,SELL,EXIT,MAKER,113503.07,0.001600,181.60,0.1816,RANGE,428,4.7586
2025-09-10T13:45:00Z,1757511900000,SELL,EXIT,MAKER,113990.81,0.004100,467.36,0.4674,RANGE,427,12.8003
2025-09-11T13:45:00Z,1757598300000,SELL,EXIT,MAKER,114520.16,0.010900,1248.27,1.2483,RANGE,426,31.3735
2025-09-11T22:15:00Z,1757628900000,SELL,EXIT,MAKER,114783.46,0.000900,103.31,0.1033,RANGE,425,2.6646
2025-09-11T22:30:00Z,1757629800000,SELL,EXIT,MAKER,115148.74,0.002200,253.33,0.2533,RANGE,424,6.6539
2025-09-12T00:00:00Z,1757635200000,SELL,EXIT,MAKER,115498.32,0.007100,820.04,0.8200,RANGE,423,21.6742
2025-09-12T00:45:00Z,1757637900000,SELL,EXIT,MAKER,116265.79,0.016500,1918.39,1.9184,RANGE,420,44.7194
2025-09-12T00:45:00Z,1757637900000,SELL,EXIT,MAKER,116000.80,0.015600,1809.61,1.8096,RANGE,421,44.9985
2025-09-18T03:00:00Z,1758164400000,SELL,EXIT,MAKER,117494.72,0.017800,2091.41,2.0914,RANGE,415,44.3001
2025-09-22T06:00:00Z,1758520800000,BUY,GRID,MAKER,112533.23,0.018600,2093.12,2.0931,RANGE,430,0.0000
2025-09-23T01:45:00Z,1758591900000,BUY,GRID,MAKER,112209.17,0.018600,2087.09,2.0871,RANGE,431,0.0000
2025-09-24T02:45:00Z,1758681900000,BUY,GRID,MAKER,111997.81,0.018600,2083.16,2.0832,RANGE,432,0.0000
2025-09-25T04:15:00Z,1758773700000,BUY,GRID,MAKER,111906.50,0.018000,2014.32,2.0143,RANGE,433,0.0000
2025-09-26T00:15:00Z,1758845700000,BUY,GRID,TAKER,111212.90,0.003900,433.73,0.4337,RANGE,434,0.0000
2025-09-27T00:15:00Z,1758932100000,BUY,GRID,TAKER,110509.49,0.000600,66.31,0.0663,RANGE,435,0.0000
2025-09-28T00:15:00Z,1759018500000,BUY,GRID,TAKER,110323.08,0.000200,22.06,0.0221,RANGE,436,0.0000
2025-09-29T13:30:00Z,1759152600000,SELL,EXIT,MAKER,112954.48,0.000200,22.59,0.0226,RANGE,436,0.4816
2025-09-29T13:45:00Z,1759153500000,SELL,EXIT,MAKER,113298.57,0.000600,67.98,0.0680,RANGE,435,1.5392
2025-09-29T14:00:00Z,1759154400000,SELL,EXIT,MAKER,113677.91,0.003900,443.34,0.4433,RANGE,434,8.7365
2025-09-29T14:30:00Z,1759156200000,SELL,EXIT,MAKER,114106.73,0.018000,2053.92,2.0539,RANGE,433,35.5359
2025-09-29T19:45:00Z,1759175100000,SELL,EXIT,MAKER,114192.25,0.018600,2123.98,2.1240,RANGE,432,36.6094
2025-09-30T00:00:00Z,1759190400000,SELL,EXIT,MAKER,114423.58,0.018600,2128.28,2.1283,RANGE,431,36.9727
2025-09-30T00:45:00Z,1759193100000,SELL,EXIT,MAKER,114609.17,0.018600,2131.73,2.1317,RANGE,430,34.3876
2025-10-10T20:45:00Z,1760129100000,BUY,GRID,MAKER,115588.48,0.018200,2103.71,2.1037,UPTREND,437,0.0000
2025-10-10T21:00:00Z,1760130000000,BUY,GRID,MAKER,112743.93,0.018700,2108.31,2.1083,UPTREND,438,0.0000
2025-10-10T21:00:00Z,1760130000000,BUY,GRID,MAKER,109969.38,0.019200,2111.41,2.1114,UPTREND,439,0.0000
2025-10-10T21:45:00Z,1760132700000,SELL,EXIT,MAKER,112743.93,0.019200,2164.68,2.1647,UPTREND,439,48.9953
2025-10-11T00:15:00Z,1760141700000,BUY,GRID,TAKER,113641.09,0.018500,2102.36,2.1024,UPTREND,440,0.0000
2025-10-12T00:15:00Z,1760228100000,BUY,GRID,TAKER,112938.98,0.018500,2089.37,2.0894,UPTREND,441,0.0000
2025-10-12T22:00:00Z,1760306400000,SELL,EXIT,MAKER,115588.49,0.018700,2161.50,2.1615,UPTREND,438,48.9235
2025-10-14T05:30:00Z,1760419800000,BUY,GRID,MAKER,112682.82,0.018900,2129.71,2.1297,UPTREND,442,0.0000
2025-10-15T03:15:00Z,1760498100000,BUY,GRID,MAKER,112170.87,0.017300,1940.56,1.9406,UPTREND,443,0.0000
2025-10-16T00:15:00Z,1760573700000,BUY,GRID,TAKER,111678.67,0.002700,301.53,0.3015,UPTREND,444,0.0000
2025-10-17T00:15:00Z,1760660100000,BUY,GRID,TAKER,110850.10,0.001000,110.85,0.1109,UPTREND,445,0.0000
2025-10-17T07:45:00Z,1760687100000,BUY,GRID,TAKER,106602.69,0.001100,117.26,0.1173,UPTREND,446,0.0000
2025-10-20T05:45:00Z,1760939100000,SELL,EXIT,MAKER,110850.09,0.001100,121.94,0.1219,UPTREND,446,4.4329
2025-10-22T00:30:00Z,1761093000000,BUY,GRID,TAKER,108277.19,0.000200,21.66,0.0217,UPTREND,447,0.0000
2025-10-26T09:15:00Z,1761470100000,SELL,EXIT,MAKER,112570.19,0.000200,22.51,0.0225,UPTREND,447,0.8144
2025-10-26T22:00:00Z,1761516000000,SELL,EXIT,MAKER,115266.72,0.001000,115.27,0.1153,UPTREND,445,4.1905
2025-10-27T06:45:00Z,1761547500000,SELL,EXIT,MAKER,116009.12,0.002700,313.22,0.3132,RANGE,444,11.0775
2026-03-22T21:15:00Z,1774214100000,BUY,GRID,MAKER,67509.59,0.002900,195.78,0.1958,RANGE,448,0.0000
2026-03-23T11:00:00Z,1774263600000,SELL,EXIT,MAKER,70379.86,0.002900,204.10,0.2041,RANGE,448,7.9239
2026-03-27T10:30:00Z,1774607400000,BUY,GRID,MAKER,67387.26,0.003000,202.16,0.2022,RANGE,449,0.0000
2026-03-28T00:15:00Z,1774656900000,BUY,GRID,TAKER,66925.08,0.002400,160.62,0.1606,RANGE,450,0.0000
2026-03-29T00:15:00Z,1774743300000,BUY,GRID,TAKER,66716.46,0.001600,106.75,0.1067,RANGE,451,0.0000
2026-03-30T00:15:00Z,1774829700000,BUY,GRID,TAKER,66428.80,0.001100,73.07,0.0731,RANGE,452,0.0000
2026-03-31T09:45:00Z,1774950300000,BUY,GRID,MAKER,66239.72,0.000400,26.50,0.0265,RANGE,453,0.0000
2026-04-01T06:30:00Z,1775025000000,SELL,EXIT,MAKER,69213.31,0.001100,76.13,0.0761,RANGE,452,2.9138
2026-04-01T06:30:00Z,1775025000000,SELL,EXIT,MAKER,68951.93,0.000400,27.58,0.0276,RANGE,453,1.0308
2026-04-02T10:00:00Z,1775124000000,BUY,GRID,MAKER,66236.71,0.000500,33.12,0.0331,RANGE,454,0.0000
2026-04-05T23:15:00Z,1775430900000,SELL,EXIT,MAKER,68812.98,0.000500,34.41,0.0344,RANGE,454,1.2206
2026-04-06T00:00:00Z,1775433600000,SELL,EXIT,MAKER,69547.34,0.001600,111.28,0.1113,RANGE,451,4.3114
2026-04-06T09:15:00Z,1775466900000,SELL,EXIT,MAKER,70204.68,0.003000,210.61,0.2106,RANGE,449,8.0395
2026-04-06T09:15:00Z,1775466900000,SELL,EXIT,MAKER,69877.46,0.002400,167.71,0.1677,RANGE,450,6.7574
2026-05-20T00:15:00Z,1779236100000,BUY,GRID,TAKER,76619.97,0.001400,107.27,0.1073,RANGE,455,0.0000
2026-05-22T18:45:00Z,1779475500000,BUY,GRID,MAKER,76503.77,0.000200,15.30,0.0153,RANGE,456,0.0000
2026-05-23T00:15:00Z,1779495300000,BUY,GRID,TAKER,76181.43,0.000900,68.56,0.0686,RANGE,457,0.0000
2026-05-27T02:15:00Z,1779848100000,BUY,GRID,MAKER,75712.76,0.000200,15.14,0.0151,RANGE,458,0.0000
2026-05-28T00:15:00Z,1779927300000,BUY,GRID,TAKER,75416.88,0.000600,45.25,0.0453,RANGE,459,0.0000
2026-05-28T03:30:00Z,1779939000000,BUY,GRID,MAKER,73435.79,0.000600,44.06,0.0441,RANGE,460,0.0000
2026-05-29T00:15:00Z,1780013700000,BUY,GRID,TAKER,75045.95,0.000200,15.01,0.0150,RANGE,461,0.0000
